Table_Number,Year,Measure,Age,Sex,Indigenous_Status,Remoteness,Description1,Description2,Description3,Description4,Description5,Description6,Description7,Data_Source,Unit,NSW,Vic,Qld,WA,SA,Tas,ACT,NT,Aust
CtG7A.1,2031,People aged 15-24 years who are fully engaged in employment; education or training,15-24 years old,All people,Aboriginal and Torres Strait Islander people,All areas,Young people fully engaged in employment; education or training,Trajectory,Aboriginal and Torres Strait Islander people,,15-24 years old,,,Derived from ABS (unpublished) Census of Population and Housing,%,..,..,..,..,..,..,..,..,67
CtG7A.1,2031,People aged 15-24 years who are fully engaged in employment; education or training,15-24 years old,All people,Aboriginal and Torres Strait Islander people,All areas,Young people fully engaged in employment; education or training,Linear regression estimates,Aboriginal and Torres Strait Islander people,,15-24 years old,,,ABS (unpublished) Census of Population and Housing,%,62.6,65.7,63.4,56.2,51.2,65.1,75.8,24.5,59.7
CtG7A.1,2026,People aged 15-24 years who are fully engaged in employment; education or training,15-24 years old,All people,Aboriginal and Torres Strait Islander people,All areas,Young people fully engaged in employment; education or training,Trajectory,Aboriginal and Torres Strait Islander people,,15-24 years old,,,Derived from ABS (unpublished) Census of Population and Housing,%,..,..,..,..,..,..,..,..,63.7
CtG7A.1,2026,People aged 15-24 years who are fully engaged in employment; education or training,15-24 years old,All people,Aboriginal and Torres Strait Islander people,All areas,Young people fully engaged in employment; education or training,Linear regression estimates,Aboriginal and Torres Strait Islander people,,15-24 years old,,,ABS (unpublished) Census of Population and Housing,%,62.3,65.6,60.7,54.6,53.4,64.2,75.1,29.7,58.9
CtG7A.1,2021,People aged 15-24 years who are fully engaged in employment; education or training,15-24 years old,All people,Aboriginal and Torres Strait Islander people,All areas,Young people fully engaged in employment; education or training,Actual,Aboriginal and Torres Strait Islander people,,15-24 years old,Proportion of people,,ABS (unpublished) Census of Population and Housing,%,62,65.5,58.1,53.1,55.5,63.3,74.4,34.8,58
CtG7A.1,2021,People aged 15-24 years who are fully engaged in employment; education or training,15-24 years old,All people,Non-Indigenous people,All areas,Young people fully engaged in employment; education or training,Actual,Non-Indigenous people,,15-24 years old,Proportion of people,,ABS (unpublished) Census of Population and Housing,%,80.2,81.6,77.9,79.8,78.1,73.9,85.6,80.6,79.9
CtG7A.1,2021,People aged 15-24 years who are fully engaged in employment; education or training,15-24 years old,All people,Aboriginal and Torres Strait Islander people,All areas,Young people fully engaged in employment; education or training,Actual,Aboriginal and Torres Strait Islander people,,15-24 years old,Number of people,,ABS (unpublished) Census of Population and Housing,no.,29599,7380,23722,7666,4028,3208,1304,3602,80516
CtG7A.1,2021,People aged 15-24 years who are fully engaged in employment; education or training,15-24 years old,All people,Non-Indigenous people,All areas,Young people fully engaged in employment; education or training,Actual,Non-Indigenous people,,15-24 years old,Number of people,,ABS (unpublished) Census of Population and Housing,no.,654615,576078,415796,217920,146665,37909,47098,12601,2108895
CtG7A.1,2021,People aged 15-24 years who are fully engaged in employment; education or training,15-24 years old,All people,Unknown Indigenous status,All areas,Young people fully engaged in employment; education or training,Actual,Indigenous status not stated,,15-24 years old,Number of people,,ABS (unpublished) Census of Population and Housing,no.,2279,1830,1492,702,586,254,83,75,7300
CtG7A.1,2021,People aged 15-24 years who are fully engaged in employment; education or training,15-24 years old,All people,Aboriginal and Torres Strait Islander people,All areas,People counted in the Census,Actual,Aboriginal and Torres Strait Islander people,,15-24 years old,Number of people,,ABS (unpublished) Census of Population and Housing,no.,47729,11267,40860,14447,7260,5069,1753,10342,138758
CtG7A.1,2021,People aged 15-24 years who are fully engaged in employment; education or training,15-24 years old,All people,Non-Indigenous people,All areas,People counted in the Census,Actual,Non-Indigenous people,,15-24 years old,Number of people,,ABS (unpublished) Census of Population and Housing,no.,816587,706270,533472,273071,187898,51275,54989,15632,2639491
CtG7A.1,2021,People aged 15-24 years who are fully engaged in employment; education or training,15-24 years old,All people,Unknown Indigenous status,All areas,People counted in the Census,Actual,Indigenous status not stated,,15-24 years old,Number of people,,ABS (unpublished) Census of Population and Housing,no.,3177,2428,2143,960,839,353,93,113,10113
CtG7A.1,2021,People aged 15-24 years who are fully engaged in employment; education or training,15-24 years old,All people,Aboriginal and Torres Strait Islander people,All areas,Young people fully engaged in employment; education or training,Trajectory,Aboriginal and Torres Strait Islander people,,15-24 years old,,,Derived from ABS (unpublished) Census of Population and Housing,%,..,..,..,..,..,..,..,..,60.5
CtG7A.1,2021,People aged 15-24 years who are fully engaged in employment; education or training,15-24 years old,All people,Aboriginal and Torres Strait Islander people,All areas,Young people fully engaged in employment; education or training,Linear regression estimates,Aboriginal and Torres Strait Islander people,,15-24 years old,,,ABS (unpublished) Census of Population and Housing,%,62,65.5,58.1,53.1,55.5,63.3,74.4,34.8,58
CtG7A.1,2016,People aged 15-24 years who are fully engaged in employment; education or training,15-24 years old,All people,Aboriginal and Torres Strait Islander people,All areas,Young people fully engaged in employment; education or training,Actual,Aboriginal and Torres Strait Islander people,,15-24 years old,Proportion of people,,ABS (unpublished) Census of Population and Housing,%,61.7,65.4,55.4,51.5,57.6,62.4,73.7,40,57.2
CtG7A.1,2016,People aged 15-24 years who are fully engaged in employment; education or training,15-24 years old,All people,Non-Indigenous people,All areas,Young people fully engaged in employment; education or training,Actual,Non-Indigenous people,,15-24 years old,Proportion of people,,ABS (unpublished) Census of Population and Housing,%,81.3,81.5,76.1,78.3,77.2,74,86.1,81.2,79.6
CtG7A.1,2016,People aged 15-24 years who are fully engaged in employment; education or training,15-24 years old,All people,Aboriginal and Torres Strait Islander people,All areas,Young people fully engaged in employment; education or training,Actual,Aboriginal and Torres Strait Islander people,,15-24 years old,Number of people,,ABS (unpublished) Census of Population and Housing,no.,23789,5591,18322,6384,3476,2557,948,3701,64776
CtG7A.1,2016,People aged 15-24 years who are fully engaged in employment; education or training,15-24 years old,All people,Non-Indigenous people,All areas,Young people fully engaged in employment; education or training,Actual,Non-Indigenous people,,15-24 years old,Number of people,,ABS (unpublished) Census of Population and Housing,no.,667898,571861,398575,211506,144919,38199,43799,12983,2089954
CtG7A.1,2016,People aged 15-24 years who are fully engaged in employment; education or training,15-24 years old,All people,Unknown Indigenous status,All areas,Young people fully engaged in employment; education or training,Actual,Indigenous status not stated,,15-24 years old,Number of people,,ABS (unpublished) Census of Population and Housing,no.,4879,4359,2964,1457,1152,395,202,201,15604
CtG7A.1,2016,People aged 15-24 years who are fully engaged in employment; education or training,15-24 years old,All people,Aboriginal and Torres Strait Islander people,All areas,People counted in the Census,Actual,Aboriginal and Torres Strait Islander people,,15-24 years old,Number of people,,ABS (unpublished) Census of Population and Housing,no.,38572,8551,33101,12386,6030,4096,1287,9259,113305
CtG7A.1,2016,People aged 15-24 years who are fully engaged in employment; education or training,15-24 years old,All people,Non-Indigenous people,All areas,People counted in the Census,Actual,Non-Indigenous people,,15-24 years old,Number of people,,ABS (unpublished) Census of Population and Housing,no.,821950,701466,523913,270192,187669,51612,50896,15982,2623965
CtG7A.1,2016,People aged 15-24 years who are fully engaged in employment; education or training,15-24 years old,All people,Unknown Indigenous status,All areas,People counted in the Census,Actual,Indigenous status not stated,,15-24 years old,Number of people,,ABS (unpublished) Census of Population and Housing,no.,6504,5683,4197,1907,1587,562,243,257,20942
CtG7A.1,2016,People aged 15-24 years who are fully engaged in employment; education or training,15-24 years old,All people,Aboriginal and Torres Strait Islander people,All areas,Young people fully engaged in employment; education or training,Trajectory,Aboriginal and Torres Strait Islander people,,15-24 years old,,,Derived from ABS (unpublished) Census of Population and Housing,%,..,..,..,..,..,..,..,..,57.2
CtG7A.1,2016,People aged 15-24 years who are fully engaged in employment; education or training,15-24 years old,All people,Aboriginal and Torres Strait Islander people,All areas,Young people fully engaged in employment; education or training,Linear regression estimates,Aboriginal and Torres Strait Islander people,,15-24 years old,,,ABS (unpublished) Census of Population and Housing,%,61.7,65.4,55.4,51.5,57.6,62.4,73.7,40,57.2
CtG7A.1,2016 to 2021,People aged 15-24 years who are fully engaged in employment; education or training,15-24 years old,All people,Aboriginal and Torres Strait Islander people,All areas,Young people fully engaged in employment; education or training,Estimated annual change,Aboriginal and Torres Strait Islander people,,15-24 years old,,,ABS (unpublished) Census of Population and Housing,%/year,0.06,0.02,0.53,0.31,-0.42,0.18,0.14,-1.03,0.17
CtG7A.1,2016 to 2021,People aged 15-24 years who are fully engaged in employment; education or training,15-24 years old,All people,Aboriginal and Torres Strait Islander people,All areas,Young people fully engaged in employment; education or training,Assessment of progress,Aboriginal and Torres Strait Islander people,,15-24 years old,,,ABS (unpublished) Census of Population and Housing,Level,1,1,1,1,-1,1,1,-1,2
CtG7A.1,2011,People aged 15-24 years who are fully engaged in employment; education or training,15-24 years old,All people,Aboriginal and Torres Strait Islander people,All areas,Young people fully engaged in employment; education or training,Actual,Aboriginal and Torres Strait Islander people,,15-24 years old,Proportion of people,,ABS (unpublished) Census of Population and Housing,%,60.5,62.5,53.8,48.2,54.2,62.8,70.5,38.7,54.9
CtG7A.1,2011,People aged 15-24 years who are fully engaged in employment; education or training,15-24 years old,All people,Non-Indigenous people,All areas,Young people fully engaged in employment; education or training,Actual,Non-Indigenous people,,15-24 years old,Proportion of people,,ABS (unpublished) Census of Population and Housing,%,81.6,82.8,77.6,81.1,78.6,76.3,87.5,82.4,80.8
CtG7A.1,2011,People aged 15-24 years who are fully engaged in employment; education or training,15-24 years old,All people,Aboriginal and Torres Strait Islander people,All areas,Young people fully engaged in employment; education or training,Actual,Aboriginal and Torres Strait Islander people,,15-24 years old,Number of people,,ABS (unpublished) Census of Population and Housing,no.,18388,4195,14388,5525,2868,2195,766,3662,51993
CtG7A.1,2011,People aged 15-24 years who are fully engaged in employment; education or training,15-24 years old,All people,Non-Indigenous people,All areas,Young people fully engaged in employment; education or training,Actual,Non-Indigenous people,,15-24 years old,Number of people,,ABS (unpublished) Census of Population and Housing,no.,639466,542349,392388,214022,147499,41139,43198,13887,2034109
CtG7A.1,2011,People aged 15-24 years who are fully engaged in employment; education or training,15-24 years old,All people,Unknown Indigenous status,All areas,Young people fully engaged in employment; education or training,Actual,Indigenous status not stated,,15-24 years old,Number of people,,ABS (unpublished) Census of Population and Housing,no.,6640,5863,3407,1910,1363,400,317,146,20054
CtG7A.1,2011,People aged 15-24 years who are fully engaged in employment; education or training,15-24 years old,All people,Aboriginal and Torres Strait Islander people,All areas,People counted in the Census,Actual,Aboriginal and Torres Strait Islander people,,15-24 years old,Number of people,,ABS (unpublished) Census of Population and Housing,no.,30383,6717,26765,11454,5291,3498,1086,9473,94696
CtG7A.1,2011,People aged 15-24 years who are fully engaged in employment; education or training,15-24 years old,All people,Non-Indigenous people,All areas,People counted in the Census,Actual,Non-Indigenous people,,15-24 years old,Number of people,,ABS (unpublished) Census of Population and Housing,no.,783751,655271,505826,264003,187723,53903,49367,16855,2516888
CtG7A.1,2011,People aged 15-24 years who are fully engaged in employment; education or training,15-24 years old,All people,Unknown Indigenous status,All areas,People counted in the Census,Actual,Indigenous status not stated,,15-24 years old,Number of people,,ABS (unpublished) Census of Population and Housing,no.,8465,7267,4600,2432,1794,569,378,212,25714
CtG7A.1,2006,People aged 15-24 years who are fully engaged in employment; education or training,15-24 years old,All people,Aboriginal and Torres Strait Islander people,All areas,Young people fully engaged in employment; education or training,Actual,Aboriginal and Torres Strait Islander people,,15-24 years old,Proportion of people,,ABS (unpublished) Census of Population and Housing,%,55.1,61.1,56.5,46.5,50.4,62.2,70.5,32.3,52.3
CtG7A.1,2006,People aged 15-24 years who are fully engaged in employment; education or training,15-24 years old,All people,Non-Indigenous people,All areas,Young people fully engaged in employment; education or training,Actual,Non-Indigenous people,,15-24 years old,Proportion of people,,ABS (unpublished) Census of Population and Housing,%,81.3,83.1,79.8,82.6,79.1,77.2,87,83,81.4
CtG7A.1,2006,People aged 15-24 years who are fully engaged in employment; education or training,15-24 years old,All people,Aboriginal and Torres Strait Islander people,All areas,Young people fully engaged in employment; education or training,Actual,Aboriginal and Torres Strait Islander people,,15-24 years old,Number of people,,ABS (unpublished) Census of Population and Housing,no.,12543,3083,11686,4365,2228,1969,510,2780,39188
CtG7A.1,2006,People aged 15-24 years who are fully engaged in employment; education or training,15-24 years old,All people,Non-Indigenous people,All areas,Young people fully engaged in employment; education or training,Actual,Non-Indigenous people,,15-24 years old,Number of people,,ABS (unpublished) Census of Population and Housing,no.,614634,502221,368260,193898,141404,40869,40445,12844,1914719
CtG7A.1,2006,People aged 15-24 years who are fully engaged in employment; education or training,15-24 years old,All people,Unknown Indigenous status,All areas,Young people fully engaged in employment; education or training,Actual,Indigenous status not stated,,15-24 years old,Number of people,,ABS (unpublished) Census of Population and Housing,no.,7603,6199,3469,1999,1366,489,335,146,21614
CtG7A.1,2006,People aged 15-24 years who are fully engaged in employment; education or training,15-24 years old,All people,Aboriginal and Torres Strait Islander people,All areas,People counted in the Census,Actual,Aboriginal and Torres Strait Islander people,,15-24 years old,Number of people,,ABS (unpublished) Census of Population and Housing,no.,22764,5046,20697,9395,4421,3165,723,8618,74863
CtG7A.1,2006,People aged 15-24 years who are fully engaged in employment; education or training,15-24 years old,All people,Non-Indigenous people,All areas,People counted in the Census,Actual,Non-Indigenous people,,15-24 years old,Number of people,,ABS (unpublished) Census of Population and Housing,no.,756328,604543,461604,234695,178871,52930,46463,15480,2351103
CtG7A.1,2006,People aged 15-24 years who are fully engaged in employment; education or training,15-24 years old,All people,Unknown Indigenous status,All areas,People counted in the Census,Actual,Indigenous status not stated,,15-24 years old,Number of people,,ABS (unpublished) Census of Population and Housing,no.,9650,7548,4480,2508,1759,654,402,185,27186
CtG7A.1,2001,People aged 15-24 years who are fully engaged in employment; education or training,15-24 years old,All people,Aboriginal and Torres Strait Islander people,All areas,Young people fully engaged in employment; education or training,Actual,Aboriginal and Torres Strait Islander people,,15-24 years old,Proportion of people,,ABS (unpublished) Census of Population and Housing,%,52.6,59.7,49.4,41.2,49,61.8,67.6,27.3,47.5
CtG7A.1,2001,People aged 15-24 years who are fully engaged in employment; education or training,15-24 years old,All people,Non-Indigenous people,All areas,Young people fully engaged in employment; education or training,Actual,Non-Indigenous people,,15-24 years old,Proportion of people,,ABS (unpublished) Census of Population and Housing,%,79.9,82.2,75.6,77.5,76.1,72.4,84.3,78.7,79
CtG7A.1,2001,People aged 15-24 years who are fully engaged in employment; education or training,15-24 years old,All people,Aboriginal and Torres Strait Islander people,All areas,Young people fully engaged in employment; education or training,Actual,Aboriginal and Torres Strait Islander people,,15-24 years old,Number of people,,ABS (unpublished) Census of Population and Housing,no.,10350,2516,9266,3913,1929,1814,446,2511,32754
CtG7A.1,2001,People aged 15-24 years who are fully engaged in employment; education or training,15-24 years old,All people,Non-Indigenous people,All areas,Young people fully engaged in employment; education or training,Actual,Non-Indigenous people,,15-24 years old,Number of people,,ABS (unpublished) Census of Population and Housing,no.,609740,482669,334015,180257,135299,38857,38992,12999,1832983
CtG7A.1,2001,People aged 15-24 years who are fully engaged in employment; education or training,15-24 years old,All people,Unknown Indigenous status,All areas,Young people fully engaged in employment; education or training,Actual,Indigenous status not stated,,15-24 years old,Number of people,,ABS (unpublished) Census of Population and Housing,no.,4788,4182,2358,1322,875,252,225,150,14157
CtG7A.1,2001,People aged 15-24 years who are fully engaged in employment; education or training,15-24 years old,All people,Aboriginal and Torres Strait Islander people,All areas,People counted in the Census,Actual,Aboriginal and Torres Strait Islander people,,15-24 years old,Number of people,,ABS (unpublished) Census of Population and Housing,no.,19669,4215,18775,9507,3940,2936,660,9182,68926
CtG7A.1,2001,People aged 15-24 years who are fully engaged in employment; education or training,15-24 years old,All people,Non-Indigenous people,All areas,People counted in the Census,Actual,Non-Indigenous people,,15-24 years old,Number of people,,ABS (unpublished) Census of Population and Housing,no.,763028,587376,441774,232597,177744,53675,46281,16519,2319205
CtG7A.1,2001,People aged 15-24 years who are fully engaged in employment; education or training,15-24 years old,All people,Unknown Indigenous status,All areas,People counted in the Census,Actual,Indigenous status not stated,,15-24 years old,Number of people,,ABS (unpublished) Census of Population and Housing,no.,6444,5359,3307,1765,1248,396,281,191,18999
CtG7A.2,2021,People aged 15-24 years who are fully engaged in employment; education or training,15-24 years old,Males,Aboriginal and Torres Strait Islander people,All areas,Young people fully engaged in employment; education or training,,Aboriginal and Torres Strait Islander people,Males,15-24 years old,Proportion of people,,ABS (unpublished) Census of Population and Housing,%,63.1,66.8,59.4,54.8,56,64.7,73.5,35.1,59.2
CtG7A.2,2021,People aged 15-24 years who are fully engaged in employment; education or training,15-24 years old,Females,Aboriginal and Torres Strait Islander people,All areas,Young people fully engaged in employment; education or training,,Aboriginal and Torres Strait Islander people,Females,15-24 years old,Proportion of people,,ABS (unpublished) Census of Population and Housing,%,60.9,64.4,56.8,51.2,54.9,61.6,74.8,34.5,56.9
CtG7A.2,2021,People aged 15-24 years who are fully engaged in employment; education or training,15-24 years old,Males,Non-Indigenous people,All areas,Young people fully engaged in employment; education or training,,Non-Indigenous people,Males,15-24 years old,Proportion of people,,ABS (unpublished) Census of Population and Housing,%,79.8,82.1,78.6,81,78.5,75.6,85.2,81.5,80.2
CtG7A.2,2021,People aged 15-24 years who are fully engaged in employment; education or training,15-24 years old,Females,Non-Indigenous people,All areas,Young people fully engaged in employment; education or training,,Non-Indigenous people,Females,15-24 years old,Proportion of people,,ABS (unpublished) Census of Population and Housing,%,80.6,81,77.2,78.6,77.6,72.2,86.1,79.7,79.5
CtG7A.2,2021,People aged 15-24 years who are fully engaged in employment; education or training,15-24 years old,Males,Aboriginal and Torres Strait Islander people,All areas,People counted in the Census,,Aboriginal and Torres Strait Islander people,Males,15-24 years old,Number of people,,ABS (unpublished) Census of Population and Housing,no.,23970,5597,20185,7198,3669,2605,864,5229,69329
CtG7A.2,2021,People aged 15-24 years who are fully engaged in employment; education or training,15-24 years old,Females,Aboriginal and Torres Strait Islander people,All areas,People counted in the Census,,Aboriginal and Torres Strait Islander people,Females,15-24 years old,Number of people,,ABS (unpublished) Census of Population and Housing,no.,23756,5664,20679,7251,3595,2463,889,5112,69420
CtG7A.2,2021,People aged 15-24 years who are fully engaged in employment; education or training,15-24 years old,Males,Non-Indigenous people,All areas,People counted in the Census,,Non-Indigenous people,Males,15-24 years old,Number of people,,ABS (unpublished) Census of Population and Housing,no.,418125,361802,270517,139029,96470,26193,27614,8122,1348006
CtG7A.2,2021,People aged 15-24 years who are fully engaged in employment; education or training,15-24 years old,Females,Non-Indigenous people,All areas,People counted in the Census,,Non-Indigenous people,Females,15-24 years old,Number of people,,ABS (unpublished) Census of Population and Housing,no.,398464,344470,262956,134040,91427,25080,27377,7507,1291482
CtG7A.2,2021,People aged 15-24 years who are fully engaged in employment; education or training,15-24 years old,Males,Unknown Indigenous status,All areas,People counted in the Census,,Indigenous status not stated,Males,15-24 years old,Number of people,,ABS (unpublished) Census of Population and Housing,no.,1752,1312,1132,540,447,197,56,63,5496
CtG7A.2,2021,People aged 15-24 years who are fully engaged in employment; education or training,15-24 years old,Females,Unknown Indigenous status,All areas,People counted in the Census,,Indigenous status not stated,Females,15-24 years old,Number of people,,ABS (unpublished) Census of Population and Housing,no.,1429,1116,1007,418,391,162,42,50,4614
CtG7A.2,2016,People aged 15-24 years who are fully engaged in employment; education or training,15-24 years old,Males,Aboriginal and Torres Strait Islander people,All areas,Young people fully engaged in employment; education or training,,Aboriginal and Torres Strait Islander people,Males,15-24 years old,Proportion of people,,ABS (unpublished) Census of Population and Housing,%,63.7,66.4,57.2,53.6,58.7,66.2,74.4,41.9,59.1
CtG7A.2,2016,People aged 15-24 years who are fully engaged in employment; education or training,15-24 years old,Females,Aboriginal and Torres Strait Islander people,All areas,Young people fully engaged in employment; education or training,,Aboriginal and Torres Strait Islander people,Females,15-24 years old,Proportion of people,,ABS (unpublished) Census of Population and Housing,%,59.6,64.6,53.5,49.4,56.8,58.2,73.1,38.1,55.3
CtG7A.2,2016,People aged 15-24 years who are fully engaged in employment; education or training,15-24 years old,Males,Non-Indigenous people,All areas,Young people fully engaged in employment; education or training,,Non-Indigenous people,Males,15-24 years old,Proportion of people,,ABS (unpublished) Census of Population and Housing,%,82.2,82.5,77.4,79.5,78.2,76.5,86.1,82.9,80.7
CtG7A.2,2016,People aged 15-24 years who are fully engaged in employment; education or training,15-24 years old,Females,Non-Indigenous people,All areas,Young people fully engaged in employment; education or training,,Non-Indigenous people,Females,15-24 years old,Proportion of people,,ABS (unpublished) Census of Population and Housing,%,80.3,80.5,74.8,76.9,76.2,71.4,86,79.3,78.5
CtG7A.2,2016,People aged 15-24 years who are fully engaged in employment; education or training,15-24 years old,Males,Aboriginal and Torres Strait Islander people,All areas,People counted in the Census,,Aboriginal and Torres Strait Islander people,Males,15-24 years old,Number of people,,ABS (unpublished) Census of Population and Housing,no.,19378,4286,16467,6242,2976,2119,659,4709,56845
CtG7A.2,2016,People aged 15-24 years who are fully engaged in employment; education or training,15-24 years old,Females,Aboriginal and Torres Strait Islander people,All areas,People counted in the Census,,Aboriginal and Torres Strait Islander people,Females,15-24 years old,Number of people,,ABS (unpublished) Census of Population and Housing,no.,19192,4262,16639,6148,3047,1984,628,4549,56461
CtG7A.2,2016,People aged 15-24 years who are fully engaged in employment; education or training,15-24 years old,Males,Non-Indigenous people,All areas,People counted in the Census,,Non-Indigenous people,Males,15-24 years old,Number of people,,ABS (unpublished) Census of Population and Housing,no.,417699,355975,264253,138306,95815,26409,25621,8484,1332705
CtG7A.2,2016,People aged 15-24 years who are fully engaged in employment; education or training,15-24 years old,Females,Non-Indigenous people,All areas,People counted in the Census,,Non-Indigenous people,Females,15-24 years old,Number of people,,ABS (unpublished) Census of Population and Housing,no.,404257,345493,259657,131893,91850,25202,25278,7498,1291257
CtG7A.2,2016,People aged 15-24 years who are fully engaged in employment; education or training,15-24 years old,Males,Unknown Indigenous status,All areas,People counted in the Census,,Indigenous status not stated,Males,15-24 years old,Number of people,,ABS (unpublished) Census of Population and Housing,no.,3458,3045,2188,1008,869,313,115,122,11117
CtG7A.2,2016,People aged 15-24 years who are fully engaged in employment; education or training,15-24 years old,Females,Unknown Indigenous status,All areas,People counted in the Census,,Indigenous status not stated,Females,15-24 years old,Number of people,,ABS (unpublished) Census of Population and Housing,no.,3049,2637,2010,895,723,251,124,141,9822
CtG7A.3,2021,People aged 15-24 years who are fully engaged in employment; education or training,15 years old,All people,Aboriginal and Torres Strait Islander people,All areas,Young people fully engaged in employment; education or training,,Aboriginal and Torres Strait Islander people,,15 years old,Proportion of people,,ABS (unpublished) Census of Population and Housing,%,94.3,93,91.7,88.8,91.6,93.3,100,76.7,91.5
CtG7A.3,2021,People aged 15-24 years who are fully engaged in employment; education or training,16 years old,All people,Aboriginal and Torres Strait Islander people,All areas,Young people fully engaged in employment; education or training,,Aboriginal and Torres Strait Islander people,,16 years old,Proportion of people,,ABS (unpublished) Census of Population and Housing,%,85.2,89.2,82,78.1,83.3,88.7,87.4,66.8,82.6
CtG7A.3,2021,People aged 15-24 years who are fully engaged in employment; education or training,17 years old,All people,Aboriginal and Torres Strait Islander people,All areas,Young people fully engaged in employment; education or training,,Aboriginal and Torres Strait Islander people,,17 years old,Proportion of people,,ABS (unpublished) Census of Population and Housing,%,73.1,79.8,73,67.7,73.1,83.5,76.1,44.5,71.4
CtG7A.3,2021,People aged 15-24 years who are fully engaged in employment; education or training,18 years old,All people,Aboriginal and Torres Strait Islander people,All areas,Young people fully engaged in employment; education or training,,Aboriginal and Torres Strait Islander people,,18 years old,Proportion of people,,ABS (unpublished) Census of Population and Housing,%,54.9,63.6,47,40.2,47.9,58.1,68.1,23.6,49.3
CtG7A.3,2021,People aged 15-24 years who are fully engaged in employment; education or training,19 years old,All people,Aboriginal and Torres Strait Islander people,All areas,Young people fully engaged in employment; education or training,,Aboriginal and Torres Strait Islander people,,19 years old,Proportion of people,,ABS (unpublished) Census of Population and Housing,%,48.9,52.3,41,36.7,38,44.1,62,20.2,42.9
CtG7A.3,2021,People aged 15-24 years who are fully engaged in employment; education or training,20 years old,All people,Aboriginal and Torres Strait Islander people,All areas,Young people fully engaged in employment; education or training,,Aboriginal and Torres Strait Islander people,,20 years old,Proportion of people,,ABS (unpublished) Census of Population and Housing,%,50.5,53.1,43.5,36.6,36.4,45.2,68.3,17.7,43.8
CtG7A.3,2021,People aged 15-24 years who are fully engaged in employment; education or training,21 years old,All people,Aboriginal and Torres Strait Islander people,All areas,Young people fully engaged in employment; education or training,,Aboriginal and Torres Strait Islander people,,21 years old,Proportion of people,,ABS (unpublished) Census of Population and Housing,%,48.2,56.3,44.6,38.1,42.5,45.2,66.3,19.3,44.4
CtG7A.3,2021,People aged 15-24 years who are fully engaged in employment; education or training,22 years old,All people,Aboriginal and Torres Strait Islander people,All areas,Young people fully engaged in employment; education or training,,Aboriginal and Torres Strait Islander people,,22 years old,Proportion of people,,ABS (unpublished) Census of Population and Housing,%,47.6,52.5,44.8,39.2,43.3,51.2,75.7,21.1,44.6
CtG7A.3,2021,People aged 15-24 years who are fully engaged in employment; education or training,23 years old,All people,Aboriginal and Torres Strait Islander people,All areas,Young people fully engaged in employment; education or training,,Aboriginal and Torres Strait Islander people,,23 years old,Proportion of people,,ABS (unpublished) Census of Population and Housing,%,49.5,56.6,45.9,39.2,38.7,50.9,73.7,26.4,46.2
CtG7A.3,2021,People aged 15-24 years who are fully engaged in employment; education or training,24 years old,All people,Aboriginal and Torres Strait Islander people,All areas,Young people fully engaged in employment; education or training,,Aboriginal and Torres Strait Islander people,,24 years old,Proportion of people,,ABS (unpublished) Census of Population and Housing,%,49.1,53.2,45.5,41.8,43.5,47.8,71.9,25.8,45.9
CtG7A.3,2021,People aged 15-24 years who are fully engaged in employment; education or training,15 years old,All people,Non-Indigenous people,All areas,Young people fully engaged in employment; education or training,,Non-Indigenous people,,15 years old,Proportion of people,,ABS (unpublished) Census of Population and Housing,%,98.4,98.3,97.6,98,97.8,96.9,98.5,97.4,98.1
CtG7A.3,2021,People aged 15-24 years who are fully engaged in employment; education or training,16 years old,All people,Non-Indigenous people,All areas,Young people fully engaged in employment; education or training,,Non-Indigenous people,,16 years old,Proportion of people,,ABS (unpublished) Census of Population and Housing,%,96,97.1,94.4,95.9,96.6,96,97.6,94,96
CtG7A.3,2021,People aged 15-24 years who are fully engaged in employment; education or training,17 years old,All people,Non-Indigenous people,All areas,Young people fully engaged in employment; education or training,,Non-Indigenous people,,17 years old,Proportion of people,,ABS (unpublished) Census of Population and Housing,%,91.4,94.1,91.2,93.3,92.3,91.8,94.1,90.7,92.4
CtG7A.3,2021,People aged 15-24 years who are fully engaged in employment; education or training,18 years old,All people,Non-Indigenous people,All areas,Young people fully engaged in employment; education or training,,Non-Indigenous people,,18 years old,Proportion of people,,ABS (unpublished) Census of Population and Housing,%,79.2,83.3,71.9,71.6,74.4,75.3,82.7,70.4,77.6
CtG7A.3,2021,People aged 15-24 years who are fully engaged in employment; education or training,19 years old,All people,Non-Indigenous people,All areas,Young people fully engaged in employment; education or training,,Non-Indigenous people,,19 years old,Proportion of people,,ABS (unpublished) Census of Population and Housing,%,74.7,75.6,70.5,72.1,69.2,58.5,80.8,70.4,73.2
CtG7A.3,2021,People aged 15-24 years who are fully engaged in employment; education or training,20 years old,All people,Non-Indigenous people,All areas,Young people fully engaged in employment; education or training,,Non-Indigenous people,,20 years old,Proportion of people,,ABS (unpublished) Census of Population and Housing,%,76.1,77.7,72,74.7,72.7,62.2,84.5,74.2,75.2
CtG7A.3,2021,People aged 15-24 years who are fully engaged in employment; education or training,21 years old,All people,Non-Indigenous people,All areas,Young people fully engaged in employment; education or training,,Non-Indigenous people,,21 years old,Proportion of people,,ABS (unpublished) Census of Population and Housing,%,75,76.5,70.9,74,72,63.7,83.6,76.6,74.3
CtG7A.3,2021,People aged 15-24 years who are fully engaged in employment; education or training,22 years old,All people,Non-Indigenous people,All areas,Young people fully engaged in employment; education or training,,Non-Indigenous people,,22 years old,Proportion of people,,ABS (unpublished) Census of Population and Housing,%,72,73.5,69.5,72.4,70.2,64.2,82,77,71.9
CtG7A.3,2021,People aged 15-24 years who are fully engaged in employment; education or training,23 years old,All people,Non-Indigenous people,All areas,Young people fully engaged in employment; education or training,,Non-Indigenous people,,23 years old,Proportion of people,,ABS (unpublished) Census of Population and Housing,%,70.2,71.7,69.2,71.8,68.9,64.2,80.7,76.9,70.6
CtG7A.3,2021,People aged 15-24 years who are fully engaged in employment; education or training,24 years old,All people,Non-Indigenous people,All areas,Young people fully engaged in employment; education or training,,Non-Indigenous people,,24 years old,Proportion of people,,ABS (unpublished) Census of Population and Housing,%,68.9,71.1,69.2,71.9,68.8,63.8,80.2,76.9,70.1
CtG7A.3,2021,People aged 15-24 years who are fully engaged in employment; education or training,15 years old,All people,Aboriginal and Torres Strait Islander people,All areas,People counted in the Census,,Aboriginal and Torres Strait Islander people,,15 years old,Number of people,Excludes people for whom labour force status was not stated; unknown; or inadequately described,ABS (unpublished) Census of Population and Housing,no.,5840,1257,5032,1861,885,643,185,1094,16807
CtG7A.3,2021,People aged 15-24 years who are fully engaged in employment; education or training,16 years old,All people,Aboriginal and Torres Strait Islander people,All areas,People counted in the Census,,Aboriginal and Torres Strait Islander people,,16 years old,Number of people,Excludes people for whom labour force status was not stated; unknown; or inadequately described,ABS (unpublished) Census of Population and Housing,no.,5570,1150,4953,1719,813,618,151,1094,16062
CtG7A.3,2021,People aged 15-24 years who are fully engaged in employment; education or training,17 years old,All people,Aboriginal and Torres Strait Islander people,All areas,People counted in the Census,,Aboriginal and Torres Strait Islander people,,17 years old,Number of people,Excludes people for whom labour force status was not stated; unknown; or inadequately described,ABS (unpublished) Census of Population and Housing,no.,5266,1151,4433,1532,735,540,159,1082,14902
CtG7A.3,2021,People aged 15-24 years who are fully engaged in employment; education or training,18 years old,All people,Aboriginal and Torres Strait Islander people,All areas,People counted in the Census,,Aboriginal and Torres Strait Islander people,,18 years old,Number of people,Excludes people for whom labour force status was not stated; unknown; or inadequately described,ABS (unpublished) Census of Population and Housing,no.,4843,1135,4169,1451,749,496,185,1096,14126
CtG7A.3,2021,People aged 15-24 years who are fully engaged in employment; education or training,19 years old,All people,Aboriginal and Torres Strait Islander people,All areas,People counted in the Census,,Aboriginal and Torres Strait Islander people,,19 years old,Number of people,Excludes people for whom labour force status was not stated; unknown; or inadequately described,ABS (unpublished) Census of Population and Housing,no.,4740,1131,3944,1387,711,478,184,1098,13684
CtG7A.3,2021,People aged 15-24 years who are fully engaged in employment; education or training,20 years old,All people,Aboriginal and Torres Strait Islander people,All areas,People counted in the Census,,Aboriginal and Torres Strait Islander people,,20 years old,Number of people,Excludes people for whom labour force status was not stated; unknown; or inadequately described,ABS (unpublished) Census of Population and Housing,no.,4619,1131,3945,1360,687,509,164,1168,13585
CtG7A.3,2021,People aged 15-24 years who are fully engaged in employment; education or training,21 years old,All people,Aboriginal and Torres Strait Islander people,All areas,People counted in the Census,,Aboriginal and Torres Strait Islander people,,21 years old,Number of people,Excludes people for whom labour force status was not stated; unknown; or inadequately described,ABS (unpublished) Census of Population and Housing,no.,4418,1082,3772,1311,702,487,178,1023,12972
CtG7A.3,2021,People aged 15-24 years who are fully engaged in employment; education or training,22 years old,All people,Aboriginal and Torres Strait Islander people,All areas,People counted in the Census,,Aboriginal and Torres Strait Islander people,,22 years old,Number of people,Excludes people for whom labour force status was not stated; unknown; or inadequately described,ABS (unpublished) Census of Population and Housing,no.,4329,1100,3547,1331,669,457,177,969,12584
CtG7A.3,2021,People aged 15-24 years who are fully engaged in employment; education or training,23 years old,All people,Aboriginal and Torres Strait Islander people,All areas,People counted in the Census,,Aboriginal and Torres Strait Islander people,,23 years old,Number of people,Excludes people for whom labour force status was not stated; unknown; or inadequately described,ABS (unpublished) Census of Population and Housing,no.,4125,1105,3587,1264,675,424,186,884,12245
CtG7A.3,2021,People aged 15-24 years who are fully engaged in employment; education or training,24 years old,All people,Aboriginal and Torres Strait Islander people,All areas,People counted in the Census,,Aboriginal and Torres Strait Islander people,,24 years old,Number of people,Excludes people for whom labour force status was not stated; unknown; or inadequately described,ABS (unpublished) Census of Population and Housing,no.,3972,1017,3489,1225,630,423,178,836,11782
CtG7A.3,2021,People aged 15-24 years who are fully engaged in employment; education or training,15 years old,All people,Non-Indigenous people,All areas,People counted in the Census,,Non-Indigenous people,,15 years old,Number of people,Excludes people for whom labour force status was not stated; unknown; or inadequately described,ABS (unpublished) Census of Population and Housing,no.,84664,70184,57536,29137,18545,5477,4742,1552,271877
CtG7A.3,2021,People aged 15-24 years who are fully engaged in employment; education or training,16 years old,All people,Non-Indigenous people,All areas,People counted in the Census,,Non-Indigenous people,,16 years old,Number of people,Excludes people for whom labour force status was not stated; unknown; or inadequately described,ABS (unpublished) Census of Population and Housing,no.,82094,67550,55249,27865,18058,5289,4424,1491,262054
CtG7A.3,2021,People aged 15-24 years who are fully engaged in employment; education or training,17 years old,All people,Non-Indigenous people,All areas,People counted in the Census,,Non-Indigenous people,,17 years old,Number of people,Excludes people for whom labour force status was not stated; unknown; or inadequately described,ABS (unpublished) Census of Population and Housing,no.,79748,67132,53762,27423,18171,5048,4401,1458,257176
CtG7A.3,2021,People aged 15-24 years who are fully engaged in employment; education or training,18 years old,All people,Non-Indigenous people,All areas,People counted in the Census,,Non-Indigenous people,,18 years old,Number of people,Excludes people for whom labour force status was not stated; unknown; or inadequately described,ABS (unpublished) Census of Population and Housing,no.,77330,65897,50259,26061,17541,4809,5149,1369,248431
CtG7A.3,2021,People aged 15-24 years who are fully engaged in employment; education or training,19 years old,All people,Non-Indigenous people,All areas,People counted in the Census,,Non-Indigenous people,,19 years old,Number of people,Excludes people for whom labour force status was not stated; unknown; or inadequately described,ABS (unpublished) Census of Population and Housing,no.,75334,65838,50798,25653,17727,4704,5416,1289,246764
CtG7A.3,2021,People aged 15-24 years who are fully engaged in employment; education or training,20 years old,All people,Non-Indigenous people,All areas,People counted in the Census,,Non-Indigenous people,,20 years old,Number of people,Excludes people for whom labour force status was not stated; unknown; or inadequately described,ABS (unpublished) Census of Population and Housing,no.,79658,70006,52612,26738,18608,4892,5688,1386,259617
CtG7A.3,2021,People aged 15-24 years who are fully engaged in employment; education or training,21 years old,All people,Non-Indigenous people,All areas,People counted in the Census,,Non-Indigenous people,,21 years old,Number of people,Excludes people for whom labour force status was not stated; unknown; or inadequately described,ABS (unpublished) Census of Population and Housing,no.,83518,73387,52938,27324,19494,4976,6057,1463,269180
CtG7A.3,2021,People aged 15-24 years who are fully engaged in employment; education or training,22 years old,All people,Non-Indigenous people,All areas,People counted in the Census,,Non-Indigenous people,,22 years old,Number of people,Excludes people for whom labour force status was not stated; unknown; or inadequately described,ABS (unpublished) Census of Population and Housing,no.,83315,73285,52785,27549,19642,5225,6199,1655,269678
CtG7A.3,2021,People aged 15-24 years who are fully engaged in employment; education or training,23 years old,All people,Non-Indigenous people,All areas,People counted in the Census,,Non-Indigenous people,,23 years old,Number of people,Excludes people for whom labour force status was not stated; unknown; or inadequately described,ABS (unpublished) Census of Population and Housing,no.,84084,74580,53496,27372,19799,5258,6394,1914,272932
CtG7A.3,2021,People aged 15-24 years who are fully engaged in employment; education or training,24 years old,All people,Non-Indigenous people,All areas,People counted in the Census,,Non-Indigenous people,,24 years old,Number of people,Excludes people for whom labour force status was not stated; unknown; or inadequately described,ABS (unpublished) Census of Population and Housing,no.,86842,78408,54034,27946,20321,5607,6518,2068,281782
CtG7A.3,2021,People aged 15-24 years who are fully engaged in employment; education or training,15 years old,All people,Unknown Indigenous status,All areas,People counted in the Census,,Indigenous status not stated,,15 years old,Number of people,Excludes people for whom labour force status was not stated; unknown; or inadequately described,ABS (unpublished) Census of Population and Housing,no.,444,298,330,154,123,53,6,13,1434
CtG7A.3,2021,People aged 15-24 years who are fully engaged in employment; education or training,16 years old,All people,Unknown Indigenous status,All areas,People counted in the Census,,Indigenous status not stated,,16 years old,Number of people,Excludes people for whom labour force status was not stated; unknown; or inadequately described,ABS (unpublished) Census of Population and Housing,no.,386,302,295,127,109,57,8,13,1300
CtG7A.3,2021,People aged 15-24 years who are fully engaged in employment; education or training,17 years old,All people,Unknown Indigenous status,All areas,People counted in the Census,,Indigenous status not stated,,17 years old,Number of people,Excludes people for whom labour force status was not stated; unknown; or inadequately described,ABS (unpublished) Census of Population and Housing,no.,378,303,262,119,101,42,20,15,1244
CtG7A.3,2021,People aged 15-24 years who are fully engaged in employment; education or training,18 years old,All people,Unknown Indigenous status,All areas,People counted in the Census,,Indigenous status not stated,,18 years old,Number of people,Excludes people for whom labour force status was not stated; unknown; or inadequately described,ABS (unpublished) Census of Population and Housing,no.,349,233,230,89,84,28,11,18,1046
CtG7A.3,2021,People aged 15-24 years who are fully engaged in employment; education or training,19 years old,All people,Unknown Indigenous status,All areas,People counted in the Census,,Indigenous status not stated,,19 years old,Number of people,Excludes people for whom labour force status was not stated; unknown; or inadequately described,ABS (unpublished) Census of Population and Housing,no.,319,242,178,103,66,32,6,13,953
CtG7A.3,2021,People aged 15-24 years who are fully engaged in employment; education or training,20 years old,All people,Unknown Indigenous status,All areas,People counted in the Census,,Indigenous status not stated,,20 years old,Number of people,Excludes people for whom labour force status was not stated; unknown; or inadequately described,ABS (unpublished) Census of Population and Housing,no.,312,212,198,83,97,26,15,5,947
CtG7A.3,2021,People aged 15-24 years who are fully engaged in employment; education or training,21 years old,All people,Unknown Indigenous status,All areas,People counted in the Census,,Indigenous status not stated,,21 years old,Number of people,Excludes people for whom labour force status was not stated; unknown; or inadequately described,ABS (unpublished) Census of Population and Housing,no.,254,222,177,64,64,33,8,13,836
CtG7A.3,2021,People aged 15-24 years who are fully engaged in employment; education or training,22 years old,All people,Unknown Indigenous status,All areas,People counted in the Census,,Indigenous status not stated,,22 years old,Number of people,Excludes people for whom labour force status was not stated; unknown; or inadequately described,ABS (unpublished) Census of Population and Housing,no.,277,207,154,82,69,30,10,11,840
CtG7A.3,2021,People aged 15-24 years who are fully engaged in employment; education or training,23 years old,All people,Unknown Indigenous status,All areas,People counted in the Census,,Indigenous status not stated,,23 years old,Number of people,Excludes people for whom labour force status was not stated; unknown; or inadequately described,ABS (unpublished) Census of Population and Housing,no.,233,196,150,74,59,27,9,10,761
CtG7A.3,2021,People aged 15-24 years who are fully engaged in employment; education or training,24 years old,All people,Unknown Indigenous status,All areas,People counted in the Census,,Indigenous status not stated,,24 years old,Number of people,Excludes people for whom labour force status was not stated; unknown; or inadequately described,ABS (unpublished) Census of Population and Housing,no.,216,210,162,56,61,26,12,12,756
CtG7A.3,2016,People aged 15-24 years who are fully engaged in employment; education or training,15 years old,All people,Aboriginal and Torres Strait Islander people,All areas,Young people fully engaged in employment; education or training,,Aboriginal and Torres Strait Islander people,,15 years old,Proportion of people,,ABS (unpublished) Census of Population and Housing,%,95.4,94.7,92.6,92.1,93.2,95.4,91.1,86.6,93.2
CtG7A.3,2016,People aged 15-24 years who are fully engaged in employment; education or training,16 years old,All people,Aboriginal and Torres Strait Islander people,All areas,Young people fully engaged in employment; education or training,,Aboriginal and Torres Strait Islander people,,16 years old,Proportion of people,,ABS (unpublished) Census of Population and Housing,%,89.4,90.5,85.6,81.6,88.2,88.5,95.6,70.2,85.9
CtG7A.3,2016,People aged 15-24 years who are fully engaged in employment; education or training,17 years old,All people,Aboriginal and Torres Strait Islander people,All areas,Young people fully engaged in employment; education or training,,Aboriginal and Torres Strait Islander people,,17 years old,Proportion of people,,ABS (unpublished) Census of Population and Housing,%,76.5,82.5,69.3,67.6,78.5,78.7,81.6,50.3,72.2
CtG7A.3,2016,People aged 15-24 years who are fully engaged in employment; education or training,18 years old,All people,Aboriginal and Torres Strait Islander people,All areas,Young people fully engaged in employment; education or training,,Aboriginal and Torres Strait Islander people,,18 years old,Proportion of people,,ABS (unpublished) Census of Population and Housing,%,52.8,65.9,41.3,37.2,52,61.6,67.4,28.8,47.6
CtG7A.3,2016,People aged 15-24 years who are fully engaged in employment; education or training,19 years old,All people,Aboriginal and Torres Strait Islander people,All areas,Young people fully engaged in employment; education or training,,Aboriginal and Torres Strait Islander people,,19 years old,Proportion of people,,ABS (unpublished) Census of Population and Housing,%,46,51.4,39.7,34.5,42.2,40.9,67.2,24.5,41.6
CtG7A.3,2016,People aged 15-24 years who are fully engaged in employment; education or training,20 years old,All people,Aboriginal and Torres Strait Islander people,All areas,Young people fully engaged in employment; education or training,,Aboriginal and Torres Strait Islander people,,20 years old,Proportion of people,,ABS (unpublished) Census of Population and Housing,%,47,51.5,38.7,34.4,39.8,50.6,63.7,20.8,41.3
CtG7A.3,2016,People aged 15-24 years who are fully engaged in employment; education or training,21 years old,All people,Aboriginal and Torres Strait Islander people,All areas,Young people fully engaged in employment; education or training,,Aboriginal and Torres Strait Islander people,,21 years old,Proportion of people,,ABS (unpublished) Census of Population and Housing,%,47,51,38.8,36.1,39.5,44.9,63.5,23.7,41.7
CtG7A.3,2016,People aged 15-24 years who are fully engaged in employment; education or training,22 years old,All people,Aboriginal and Torres Strait Islander people,All areas,Young people fully engaged in employment; education or training,,Aboriginal and Torres Strait Islander people,,22 years old,Proportion of people,,ABS (unpublished) Census of Population and Housing,%,47.5,53.7,40.8,34.9,39.2,47.6,68.3,26.1,42.6
CtG7A.3,2016,People aged 15-24 years who are fully engaged in employment; education or training,23 years old,All people,Aboriginal and Torres Strait Islander people,All areas,Young people fully engaged in employment; education or training,,Aboriginal and Torres Strait Islander people,,23 years old,Proportion of people,,ABS (unpublished) Census of Population and Housing,%,47.6,51.1,39.6,34.4,41.2,41,73.8,24.5,41.7
CtG7A.3,2016,People aged 15-24 years who are fully engaged in employment; education or training,24 years old,All people,Aboriginal and Torres Strait Islander people,All areas,Young people fully engaged in employment; education or training,,Aboriginal and Torres Strait Islander people,,24 years old,Proportion of people,,ABS (unpublished) Census of Population and Housing,%,47.7,47.2,41.3,34.4,38.5,46.7,70.6,25.2,42
CtG7A.3,2016,People aged 15-24 years who are fully engaged in employment; education or training,15 years old,All people,Non-Indigenous people,All areas,Young people fully engaged in employment; education or training,,Non-Indigenous people,,15 years old,Proportion of people,,ABS (unpublished) Census of Population and Housing,%,98.8,98.4,98,98.6,98.4,98.2,99.3,99.4,98.5
CtG7A.3,2016,People aged 15-24 years who are fully engaged in employment; education or training,16 years old,All people,Non-Indigenous people,All areas,Young people fully engaged in employment; education or training,,Non-Indigenous people,,16 years old,Proportion of people,,ABS (unpublished) Census of Population and Housing,%,96.9,97.4,95.2,96.2,97,95.9,98.1,97.8,96.6
CtG7A.3,2016,People aged 15-24 years who are fully engaged in employment; education or training,17 years old,All people,Non-Indigenous people,All areas,Young people fully engaged in employment; education or training,,Non-Indigenous people,,17 years old,Proportion of people,,ABS (unpublished) Census of Population and Housing,%,92.1,94.1,85.7,92,92.6,89.6,94.5,90.8,91.4
CtG7A.3,2016,People aged 15-24 years who are fully engaged in employment; education or training,18 years old,All people,Non-Indigenous people,All areas,Young people fully engaged in employment; education or training,,Non-Indigenous people,,18 years old,Proportion of people,,ABS (unpublished) Census of Population and Housing,%,79.4,83.4,66.3,70.2,73.2,75.1,82.7,71.1,76.4
CtG7A.3,2016,People aged 15-24 years who are fully engaged in employment; education or training,19 years old,All people,Non-Indigenous people,All areas,Young people fully engaged in employment; education or training,,Non-Indigenous people,,19 years old,Proportion of people,,ABS (unpublished) Census of Population and Housing,%,75.5,76.6,68.6,71.7,69.5,59.8,81.3,70.9,73.4
CtG7A.3,2016,People aged 15-24 years who are fully engaged in employment; education or training,20 years old,All people,Non-Indigenous people,All areas,Young people fully engaged in employment; education or training,,Non-Indigenous people,,20 years old,Proportion of people,,ABS (unpublished) Census of Population and Housing,%,77.1,77.8,70.3,72.5,71.7,63.9,83.8,76.1,75
CtG7A.3,2016,People aged 15-24 years who are fully engaged in employment; education or training,21 years old,All people,Non-Indigenous people,All areas,Young people fully engaged in employment; education or training,,Non-Indigenous people,,21 years old,Proportion of people,,ABS (unpublished) Census of Population and Housing,%,75.5,76,70.2,72.1,70.1,63.4,84.8,76.5,73.8
CtG7A.3,2016,People aged 15-24 years who are fully engaged in employment; education or training,22 years old,All people,Non-Indigenous people,All areas,Young people fully engaged in employment; education or training,,Non-Indigenous people,,22 years old,Proportion of people,,ABS (unpublished) Census of Population and Housing,%,73.8,73.7,69,70.6,68.6,64.1,82,78.2,72.2
CtG7A.3,2016,People aged 15-24 years who are fully engaged in employment; education or training,23 years old,All people,Non-Indigenous people,All areas,Young people fully engaged in employment; education or training,,Non-Indigenous people,,23 years old,Proportion of people,,ABS (unpublished) Census of Population and Housing,%,73.6,72.7,69.1,70.2,67.5,63.3,81.4,77.7,71.7
CtG7A.3,2016,People aged 15-24 years who are fully engaged in employment; education or training,24 years old,All people,Non-Indigenous people,All areas,Young people fully engaged in employment; education or training,,Non-Indigenous people,,24 years old,Proportion of people,,ABS (unpublished) Census of Population and Housing,%,72.8,71.6,68.9,69.7,66.7,62.4,81.5,76.7,71
CtG7A.3,2016,People aged 15-24 years who are fully engaged in employment; education or training,15 years old,All people,Aboriginal and Torres Strait Islander people,All areas,People counted in the Census,,Aboriginal and Torres Strait Islander people,,15 years old,Number of people,Excludes people for whom labour force status was not stated; unknown; or inadequately described,ABS (unpublished) Census of Population and Housing,no.,4654,959,4145,1511,660,501,112,1130,13677
CtG7A.3,2016,People aged 15-24 years who are fully engaged in employment; education or training,16 years old,All people,Aboriginal and Torres Strait Islander people,All areas,People counted in the Census,,Aboriginal and Torres Strait Islander people,,16 years old,Number of people,Excludes people for whom labour force status was not stated; unknown; or inadequately described,ABS (unpublished) Census of Population and Housing,no.,4359,955,3993,1498,753,506,135,1060,13262
CtG7A.3,2016,People aged 15-24 years who are fully engaged in employment; education or training,17 years old,All people,Aboriginal and Torres Strait Islander people,All areas,People counted in the Census,,Aboriginal and Torres Strait Islander people,,17 years old,Number of people,Excludes people for whom labour force status was not stated; unknown; or inadequately described,ABS (unpublished) Census of Population and Housing,no.,4427,912,3643,1444,712,464,136,931,12665
CtG7A.3,2016,People aged 15-24 years who are fully engaged in employment; education or training,18 years old,All people,Aboriginal and Torres Strait Islander people,All areas,People counted in the Census,,Aboriginal and Torres Strait Islander people,,18 years old,Number of people,Excludes people for whom labour force status was not stated; unknown; or inadequately described,ABS (unpublished) Census of Population and Housing,no.,4072,946,3346,1235,611,453,141,896,11698
CtG7A.3,2016,People aged 15-24 years who are fully engaged in employment; education or training,19 years old,All people,Aboriginal and Torres Strait Islander people,All areas,People counted in the Census,,Aboriginal and Torres Strait Islander people,,19 years old,Number of people,Excludes people for whom labour force status was not stated; unknown; or inadequately described,ABS (unpublished) Census of Population and Housing,no.,3859,836,3199,1097,592,391,131,812,10929
CtG7A.3,2016,People aged 15-24 years who are fully engaged in employment; education or training,20 years old,All people,Aboriginal and Torres Strait Islander people,All areas,People counted in the Census,,Aboriginal and Torres Strait Islander people,,20 years old,Number of people,Excludes people for whom labour force status was not stated; unknown; or inadequately described,ABS (unpublished) Census of Population and Housing,no.,3617,809,3105,1183,585,401,135,936,10773
CtG7A.3,2016,People aged 15-24 years who are fully engaged in employment; education or training,21 years old,All people,Aboriginal and Torres Strait Islander people,All areas,People counted in the Census,,Aboriginal and Torres Strait Islander people,,21 years old,Number of people,Excludes people for whom labour force status was not stated; unknown; or inadequately described,ABS (unpublished) Census of Population and Housing,no.,3667,853,3048,1131,555,399,137,892,10690
CtG7A.3,2016,People aged 15-24 years who are fully engaged in employment; education or training,22 years old,All people,Aboriginal and Torres Strait Islander people,All areas,People counted in the Census,,Aboriginal and Torres Strait Islander people,,22 years old,Number of people,Excludes people for whom labour force status was not stated; unknown; or inadequately described,ABS (unpublished) Census of Population and Housing,no.,3431,769,2978,1158,520,361,123,878,10219
CtG7A.3,2016,People aged 15-24 years who are fully engaged in employment; education or training,23 years old,All people,Aboriginal and Torres Strait Islander people,All areas,People counted in the Census,,Aboriginal and Torres Strait Islander people,,23 years old,Number of people,Excludes people for whom labour force status was not stated; unknown; or inadequately described,ABS (unpublished) Census of Population and Housing,no.,3332,755,2905,1105,520,354,130,887,10000
CtG7A.3,2016,People aged 15-24 years who are fully engaged in employment; education or training,24 years old,All people,Aboriginal and Torres Strait Islander people,All areas,People counted in the Census,,Aboriginal and Torres Strait Islander people,,24 years old,Number of people,Excludes people for whom labour force status was not stated; unknown; or inadequately described,ABS (unpublished) Census of Population and Housing,no.,3158,756,2736,1027,514,272,102,829,9395
CtG7A.3,2016,People aged 15-24 years who are fully engaged in employment; education or training,15 years old,All people,Non-Indigenous people,All areas,People counted in the Census,,Non-Indigenous people,,15 years old,Number of people,Excludes people for whom labour force status was not stated; unknown; or inadequately described,ABS (unpublished) Census of Population and Housing,no.,78188,62584,52210,26559,17692,5302,4002,1493,248069
CtG7A.3,2016,People aged 15-24 years who are fully engaged in employment; education or training,16 years old,All people,Non-Indigenous people,All areas,People counted in the Census,,Non-Indigenous people,,16 years old,Number of people,Excludes people for whom labour force status was not stated; unknown; or inadequately described,ABS (unpublished) Census of Population and Housing,no.,79730,64137,51925,26689,18178,5390,4049,1492,251626
CtG7A.3,2016,People aged 15-24 years who are fully engaged in employment; education or training,17 years old,All people,Non-Indigenous people,All areas,People counted in the Census,,Non-Indigenous people,,17 years old,Number of people,Excludes people for whom labour force status was not stated; unknown; or inadequately described,ABS (unpublished) Census of Population and Housing,no.,79078,65031,50718,26988,18501,5562,4292,1412,251619
CtG7A.3,2016,People aged 15-24 years who are fully engaged in employment; education or training,18 years old,All people,Non-Indigenous people,All areas,People counted in the Census,,Non-Indigenous people,,18 years old,Number of people,Excludes people for whom labour force status was not stated; unknown; or inadequately described,ABS (unpublished) Census of Population and Housing,no.,78724,66690,49960,25942,18189,5139,4825,1387,250872
CtG7A.3,2016,People aged 15-24 years who are fully engaged in employment; education or training,19 years old,All people,Non-Indigenous people,All areas,People counted in the Census,,Non-Indigenous people,,19 years old,Number of people,Excludes people for whom labour force status was not stated; unknown; or inadequately described,ABS (unpublished) Census of Population and Housing,no.,80732,70091,50698,26391,18696,5081,5413,1331,258455
CtG7A.3,2016,People aged 15-24 years who are fully engaged in employment; education or training,20 years old,All people,Non-Indigenous people,All areas,People counted in the Census,,Non-Indigenous people,,20 years old,Number of people,Excludes people for whom labour force status was not stated; unknown; or inadequately described,ABS (unpublished) Census of Population and Housing,no.,82512,72488,52099,26886,19133,5050,5481,1383,265061
CtG7A.3,2016,People aged 15-24 years who are fully engaged in employment; education or training,21 years old,All people,Non-Indigenous people,All areas,People counted in the Census,,Non-Indigenous people,,21 years old,Number of people,Excludes people for whom labour force status was not stated; unknown; or inadequately described,ABS (unpublished) Census of Population and Housing,no.,83608,74330,54147,27385,19812,5152,5597,1633,271678
CtG7A.3,2016,People aged 15-24 years who are fully engaged in employment; education or training,22 years old,All people,Non-Indigenous people,All areas,People counted in the Census,,Non-Indigenous people,,22 years old,Number of people,Excludes people for whom labour force status was not stated; unknown; or inadequately described,ABS (unpublished) Census of Population and Housing,no.,84038,74520,53636,27251,19051,5042,5780,1750,271101
CtG7A.3,2016,People aged 15-24 years who are fully engaged in employment; education or training,23 years old,All people,Non-Indigenous people,All areas,People counted in the Census,,Non-Indigenous people,,23 years old,Number of people,Excludes people for whom labour force status was not stated; unknown; or inadequately described,ABS (unpublished) Census of Population and Housing,no.,86730,75603,54097,27875,19291,4968,5786,1916,276294
CtG7A.3,2016,People aged 15-24 years who are fully engaged in employment; education or training,24 years old,All people,Non-Indigenous people,All areas,People counted in the Census,,Non-Indigenous people,,24 years old,Number of people,Excludes people for whom labour force status was not stated; unknown; or inadequately described,ABS (unpublished) Census of Population and Housing,no.,88609,75992,54424,28235,19125,4939,5668,2180,279194
CtG7A.3,2016,People aged 15-24 years who are fully engaged in employment; education or training,15 years old,All people,Unknown Indigenous status,All areas,People counted in the Census,,Indigenous status not stated,,15 years old,Number of people,Excludes people for whom labour force status was not stated; unknown; or inadequately described,ABS (unpublished) Census of Population and Housing,no.,879,682,590,270,217,70,23,44,2777
CtG7A.3,2016,People aged 15-24 years who are fully engaged in employment; education or training,16 years old,All people,Unknown Indigenous status,All areas,People counted in the Census,,Indigenous status not stated,,16 years old,Number of people,Excludes people for whom labour force status was not stated; unknown; or inadequately described,ABS (unpublished) Census of Population and Housing,no.,816,680,591,252,210,82,24,32,2694
CtG7A.3,2016,People aged 15-24 years who are fully engaged in employment; education or training,17 years old,All people,Unknown Indigenous status,All areas,People counted in the Census,,Indigenous status not stated,,17 years old,Number of people,Excludes people for whom labour force status was not stated; unknown; or inadequately described,ABS (unpublished) Census of Population and Housing,no.,804,635,465,252,222,72,29,29,2509
CtG7A.3,2016,People aged 15-24 years who are fully engaged in employment; education or training,18 years old,All people,Unknown Indigenous status,All areas,People counted in the Census,,Indigenous status not stated,,18 years old,Number of people,Excludes people for whom labour force status was not stated; unknown; or inadequately described,ABS (unpublished) Census of Population and Housing,no.,657,607,429,194,161,70,28,22,2158
CtG7A.3,2016,People aged 15-24 years who are fully engaged in employment; education or training,19 years old,All people,Unknown Indigenous status,All areas,People counted in the Census,,Indigenous status not stated,,19 years old,Number of people,Excludes people for whom labour force status was not stated; unknown; or inadequately described,ABS (unpublished) Census of Population and Housing,no.,634,514,373,173,135,70,28,18,1940
CtG7A.3,2016,People aged 15-24 years who are fully engaged in employment; education or training,20 years old,All people,Unknown Indigenous status,All areas,People counted in the Census,,Indigenous status not stated,,20 years old,Number of people,Excludes people for whom labour force status was not stated; unknown; or inadequately described,ABS (unpublished) Census of Population and Housing,no.,591,516,382,161,137,49,28,28,1896
CtG7A.3,2016,People aged 15-24 years who are fully engaged in employment; education or training,21 years old,All people,Unknown Indigenous status,All areas,People counted in the Census,,Indigenous status not stated,,21 years old,Number of people,Excludes people for whom labour force status was not stated; unknown; or inadequately described,ABS (unpublished) Census of Population and Housing,no.,575,516,374,177,153,50,20,17,1885
CtG7A.3,2016,People aged 15-24 years who are fully engaged in employment; education or training,22 years old,All people,Unknown Indigenous status,All areas,People counted in the Census,,Indigenous status not stated,,22 years old,Number of people,Excludes people for whom labour force status was not stated; unknown; or inadequately described,ABS (unpublished) Census of Population and Housing,no.,555,494,336,143,113,49,17,21,1729
CtG7A.3,2016,People aged 15-24 years who are fully engaged in employment; education or training,23 years old,All people,Unknown Indigenous status,All areas,People counted in the Census,,Indigenous status not stated,,23 years old,Number of people,Excludes people for whom labour force status was not stated; unknown; or inadequately described,ABS (unpublished) Census of Population and Housing,no.,503,533,334,148,134,27,18,26,1728
CtG7A.3,2016,People aged 15-24 years who are fully engaged in employment; education or training,24 years old,All people,Unknown Indigenous status,All areas,People counted in the Census,,Indigenous status not stated,,24 years old,Number of people,Excludes people for whom labour force status was not stated; unknown; or inadequately described,ABS (unpublished) Census of Population and Housing,no.,485,498,328,143,110,34,25,19,1644
CtG7A.4,2021,People aged 15-24 years who are fully engaged in employment; education or training,15-24 years old,All people,Aboriginal and Torres Strait Islander people,Major cities,Young people fully engaged in employment; education or training,,Aboriginal and Torres Strait Islander people,Major cities,15-24 years old,Proportion of people,,ABS (unpublished) Census of Population and Housing,%,64.4,68.4,63.5,60.6,59.4,..,74.5,..,64.1
CtG7A.4,2021,People aged 15-24 years who are fully engaged in employment; education or training,15-24 years old,All people,Aboriginal and Torres Strait Islander people,Inner regional,Young people fully engaged in employment; education or training,,Aboriginal and Torres Strait Islander people,Inner regional,15-24 years old,Proportion of people,,ABS (unpublished) Census of Population and Housing,%,60.8,63.4,58.4,60,59.5,60.7,100,..,60.4
CtG7A.4,2021,People aged 15-24 years who are fully engaged in employment; education or training,15-24 years old,All people,Aboriginal and Torres Strait Islander people,Outer regional,Young people fully engaged in employment; education or training,,Aboriginal and Torres Strait Islander people,Outer regional,15-24 years old,Proportion of people,,ABS (unpublished) Census of Population and Housing,%,57.2,58.8,57.4,55.3,52.4,66.7,..,60.6,58.2
CtG7A.4,2021,People aged 15-24 years who are fully engaged in employment; education or training,15-24 years old,All people,Aboriginal and Torres Strait Islander people,Remote,Young people fully engaged in employment; education or training,,Aboriginal and Torres Strait Islander people,Remote,15-24 years old,Proportion of people,,ABS (unpublished) Census of Population and Housing,%,55.6,60,44.5,52.6,52.3,64.8,..,36.3,45.2
CtG7A.4,2021,People aged 15-24 years who are fully engaged in employment; education or training,15-24 years old,All people,Aboriginal and Torres Strait Islander people,Very remote,Young people fully engaged in employment; education or training,,Aboriginal and Torres Strait Islander people,Very remote,15-24 years old,Proportion of people,,ABS (unpublished) Census of Population and Housing,%,47.3,..,38.7,30.1,32.9,57.1,..,24.4,30.2
CtG7A.4,2021,People aged 15-24 years who are fully engaged in employment; education or training,15-24 years old,All people,Non-Indigenous people,Major cities,Young people fully engaged in employment; education or training,,Non-Indigenous people,Major cities,15-24 years old,Proportion of people,,ABS (unpublished) Census of Population and Housing,%,81.2,82.6,78.9,80.4,79.1,..,85.7,..,81
CtG7A.4,2021,People aged 15-24 years who are fully engaged in employment; education or training,15-24 years old,All people,Non-Indigenous people,Inner regional,Young people fully engaged in employment; education or training,,Non-Indigenous people,Inner regional,15-24 years old,Proportion of people,,ABS (unpublished) Census of Population and Housing,%,76.2,77.6,74,75.7,75.9,74.8,77.6,..,76
CtG7A.4,2021,People aged 15-24 years who are fully engaged in employment; education or training,15-24 years old,All people,Non-Indigenous people,Outer regional,Young people fully engaged in employment; education or training,,Non-Indigenous people,Outer regional,15-24 years old,Proportion of people,,ABS (unpublished) Census of Population and Housing,%,76.9,75.6,77.6,75.6,72,72.4,..,80.2,76.2
CtG7A.4,2021,People aged 15-24 years who are fully engaged in employment; education or training,15-24 years old,All people,Non-Indigenous people,Remote,Young people fully engaged in employment; education or training,,Non-Indigenous people,Remote,15-24 years old,Proportion of people,,ABS (unpublished) Census of Population and Housing,%,81.8,72.9,80.7,80.8,75.2,66.7,..,80.8,79.5
CtG7A.4,2021,People aged 15-24 years who are fully engaged in employment; education or training,15-24 years old,All people,Non-Indigenous people,Very remote,Young people fully engaged in employment; education or training,,Non-Indigenous people,Very remote,15-24 years old,Proportion of people,,ABS (unpublished) Census of Population and Housing,%,77.1,..,83.5,81,77.5,81.7,..,86.1,81.7
CtG7A.4,2021,People aged 15-24 years who are fully engaged in employment; education or training,15-24 years old,All people,Aboriginal and Torres Strait Islander people,Major cities,People counted in the Census,,Aboriginal and Torres Strait Islander people,Major cities,15-24 years old,Number of people,,ABS (unpublished) Census of Population and Housing,no.,24265,6287,16786,7160,4291,..,1735,..,60523
CtG7A.4,2021,People aged 15-24 years who are fully engaged in employment; education or training,15-24 years old,All people,Aboriginal and Torres Strait Islander people,Inner regional,People counted in the Census,,Aboriginal and Torres Strait Islander people,Inner regional,15-24 years old,Number of people,,ABS (unpublished) Census of Population and Housing,no.,17190,3683,9214,1201,587,2588,5,..,34488
CtG7A.4,2021,People aged 15-24 years who are fully engaged in employment; education or training,15-24 years old,All people,Aboriginal and Torres Strait Islander people,Outer regional,People counted in the Census,,Aboriginal and Torres Strait Islander people,Outer regional,15-24 years old,Number of people,,ABS (unpublished) Census of Population and Housing,no.,5230,1249,9830,1703,1480,2336,..,2244,24070
CtG7A.4,2021,People aged 15-24 years who are fully engaged in employment; education or training,15-24 years old,All people,Aboriginal and Torres Strait Islander people,Remote,People counted in the Census,,Aboriginal and Torres Strait Islander people,Remote,15-24 years old,Number of people,,ABS (unpublished) Census of Population and Housing,no.,613,5,1828,1520,256,88,..,2282,6589
CtG7A.4,2021,People aged 15-24 years who are fully engaged in employment; education or training,15-24 years old,All people,Aboriginal and Torres Strait Islander people,Very remote,People counted in the Census,,Aboriginal and Torres Strait Islander people,Very remote,15-24 years old,Number of people,,ABS (unpublished) Census of Population and Housing,no.,300,..,3064,2775,607,14,..,5752,12516
CtG7A.4,2021,People aged 15-24 years who are fully engaged in employment; education or training,15-24 years old,All people,Non-Indigenous people,Major cities,People counted in the Census,,Non-Indigenous people,Major cities,15-24 years old,Number of people,,ABS (unpublished) Census of Population and Housing,no.,652355,570744,374303,229348,151335,..,54801,..,2032887
CtG7A.4,2021,People aged 15-24 years who are fully engaged in employment; education or training,15-24 years old,All people,Non-Indigenous people,Inner regional,People counted in the Census,,Non-Indigenous people,Inner regional,15-24 years old,Number of people,,ABS (unpublished) Census of Population and Housing,no.,134076,113738,90504,20160,15605,34911,67,..,409071
CtG7A.4,2021,People aged 15-24 years who are fully engaged in employment; education or training,15-24 years old,All people,Non-Indigenous people,Outer regional,People counted in the Census,,Non-Indigenous people,Outer regional,15-24 years old,Number of people,,ABS (unpublished) Census of Population and Housing,no.,27688,20937,60376,15130,16749,15684,..,12313,168874
CtG7A.4,2021,People aged 15-24 years who are fully engaged in employment; education or training,15-24 years old,All people,Non-Indigenous people,Remote,People counted in the Census,,Non-Indigenous people,Remote,15-24 years old,Number of people,,ABS (unpublished) Census of Population and Housing,no.,1478,181,4831,5491,3276,426,..,2440,18121
CtG7A.4,2021,People aged 15-24 years who are fully engaged in employment; education or training,15-24 years old,All people,Non-Indigenous people,Very remote,People counted in the Census,,Non-Indigenous people,Very remote,15-24 years old,Number of people,,ABS (unpublished) Census of Population and Housing,no.,253,..,2568,2548,667,120,..,804,7241
CtG7A.4,2021,People aged 15-24 years who are fully engaged in employment; education or training,15-24 years old,All people,Unknown Indigenous status,Major cities,People counted in the Census,,Indigenous status not stated,Major cities,15-24 years old,Number of people,,ABS (unpublished) Census of Population and Housing,no.,1768,1444,1049,640,521,..,94,..,5514
CtG7A.4,2021,People aged 15-24 years who are fully engaged in employment; education or training,15-24 years old,All people,Unknown Indigenous status,Inner regional,People counted in the Census,,Indigenous status not stated,Inner regional,15-24 years old,Number of people,,ABS (unpublished) Census of Population and Housing,no.,1091,773,553,128,113,174,0,..,2829
CtG7A.4,2021,People aged 15-24 years who are fully engaged in employment; education or training,15-24 years old,All people,Unknown Indigenous status,Outer regional,People counted in the Census,,Indigenous status not stated,Outer regional,15-24 years old,Number of people,,ABS (unpublished) Census of Population and Housing,no.,284,205,435,108,168,176,..,55,1428
CtG7A.4,2021,People aged 15-24 years who are fully engaged in employment; education or training,15-24 years old,All people,Unknown Indigenous status,Remote,People counted in the Census,,Indigenous status not stated,Remote,15-24 years old,Number of people,,ABS (unpublished) Census of Population and Housing,no.,26,0,50,35,29,6,..,41,188
CtG7A.4,2021,People aged 15-24 years who are fully engaged in employment; education or training,15-24 years old,All people,Unknown Indigenous status,Very remote,People counted in the Census,,Indigenous status not stated,Very remote,15-24 years old,Number of people,,ABS (unpublished) Census of Population and Housing,no.,3,..,47,38,4,0,..,18,118
CtG7A.4,2016,People aged 15-24 years who are fully engaged in employment; education or training,15-24 years old,All people,Aboriginal and Torres Strait Islander people,Major cities,Young people fully engaged in employment; education or training,,Aboriginal and Torres Strait Islander people,Major cities,15-24 years old,Proportion of people,,ABS (unpublished) Census of Population and Housing,%,66.7,68.6,63,59,62.5,..,73.8,..,64.8
CtG7A.4,2016,People aged 15-24 years who are fully engaged in employment; education or training,15-24 years old,All people,Aboriginal and Torres Strait Islander people,Inner regional,Young people fully engaged in employment; education or training,,Aboriginal and Torres Strait Islander people,Inner regional,15-24 years old,Proportion of people,,ABS (unpublished) Census of Population and Housing,%,58.5,62.3,55.5,55.7,60.2,59.6,..,..,58.1
CtG7A.4,2016,People aged 15-24 years who are fully engaged in employment; education or training,15-24 years old,All people,Aboriginal and Torres Strait Islander people,Outer regional,Young people fully engaged in employment; education or training,,Aboriginal and Torres Strait Islander people,Outer regional,15-24 years old,Proportion of people,,ABS (unpublished) Census of Population and Housing,%,55.7,59.8,53.5,50.4,54.7,66.4,..,65.1,56.3
CtG7A.4,2016,People aged 15-24 years who are fully engaged in employment; education or training,15-24 years old,All people,Aboriginal and Torres Strait Islander people,Remote,Young people fully engaged in employment; education or training,,Aboriginal and Torres Strait Islander people,Remote,15-24 years old,Proportion of people,,ABS (unpublished) Census of Population and Housing,%,51.4,..,42.5,54.6,62.2,65.7,..,43.6,47.8
CtG7A.4,2016,People aged 15-24 years who are fully engaged in employment; education or training,15-24 years old,All people,Aboriginal and Torres Strait Islander people,Very remote,Young people fully engaged in employment; education or training,,Aboriginal and Torres Strait Islander people,Very remote,15-24 years old,Proportion of people,,ABS (unpublished) Census of Population and Housing,%,37.7,..,38,34.9,34.8,50,..,29.7,33.5
CtG7A.4,2016,People aged 15-24 years who are fully engaged in employment; education or training,15-24 years old,All people,Non-Indigenous people,Major cities,Young people fully engaged in employment; education or training,,Non-Indigenous people,Major cities,15-24 years old,Proportion of people,,ABS (unpublished) Census of Population and Housing,%,82.9,82.8,77.7,79.2,78.5,..,86.1,..,81.3
CtG7A.4,2016,People aged 15-24 years who are fully engaged in employment; education or training,15-24 years old,All people,Non-Indigenous people,Inner regional,Young people fully engaged in employment; education or training,,Non-Indigenous people,Inner regional,15-24 years old,Proportion of people,,ABS (unpublished) Census of Population and Housing,%,75.4,76.3,70.6,73.3,74.2,75.2,93,..,74.4
CtG7A.4,2016,People aged 15-24 years who are fully engaged in employment; education or training,15-24 years old,All people,Non-Indigenous people,Outer regional,Young people fully engaged in employment; education or training,,Non-Indigenous people,Outer regional,15-24 years old,Proportion of people,,ABS (unpublished) Census of Population and Housing,%,74.4,75.3,74.9,73.6,71,71.4,..,81.3,74.6
CtG7A.4,2016,People aged 15-24 years who are fully engaged in employment; education or training,15-24 years old,All people,Non-Indigenous people,Remote,Young people fully engaged in employment; education or training,,Non-Indigenous people,Remote,15-24 years old,Proportion of people,,ABS (unpublished) Census of Population and Housing,%,76.1,72.3,77.5,75.5,73,62.4,..,80.5,76
CtG7A.4,2016,People aged 15-24 years who are fully engaged in employment; education or training,15-24 years old,All people,Non-Indigenous people,Very remote,Young people fully engaged in employment; education or training,,Non-Indigenous people,Very remote,15-24 years old,Proportion of people,,ABS (unpublished) Census of Population and Housing,%,82.3,..,78.2,80.2,76.5,69,..,85.9,79.3
CtG7A.4,2016,People aged 15-24 years who are fully engaged in employment; education or training,15-24 years old,All people,Aboriginal and Torres Strait Islander people,Major cities,People counted in the Census,,Aboriginal and Torres Strait Islander people,Major cities,15-24 years old,Number of people,,ABS (unpublished) Census of Population and Housing,no.,18862,4630,12379,5610,3424,..,1280,..,46187
CtG7A.4,2016,People aged 15-24 years who are fully engaged in employment; education or training,15-24 years old,All people,Aboriginal and Torres Strait Islander people,Inner regional,People counted in the Census,,Aboriginal and Torres Strait Islander people,Inner regional,15-24 years old,Number of people,,ABS (unpublished) Census of Population and Housing,no.,13029,2907,7343,872,668,2385,0,..,27217
CtG7A.4,2016,People aged 15-24 years who are fully engaged in employment; education or training,15-24 years old,All people,Aboriginal and Torres Strait Islander people,Outer regional,People counted in the Census,,Aboriginal and Torres Strait Islander people,Outer regional,15-24 years old,Number of people,,ABS (unpublished) Census of Population and Housing,no.,5444,986,8308,1569,1117,1622,..,1911,20944
CtG7A.4,2016,People aged 15-24 years who are fully engaged in employment; education or training,15-24 years old,All people,Aboriginal and Torres Strait Islander people,Remote,People counted in the Census,,Aboriginal and Torres Strait Islander people,Remote,15-24 years old,Number of people,,ABS (unpublished) Census of Population and Housing,no.,835,0,1764,1457,196,70,..,1799,6116
CtG7A.4,2016,People aged 15-24 years who are fully engaged in employment; education or training,15-24 years old,All people,Aboriginal and Torres Strait Islander people,Very remote,People counted in the Census,,Aboriginal and Torres Strait Islander people,Very remote,15-24 years old,Number of people,,ABS (unpublished) Census of Population and Housing,no.,289,..,3215,2829,580,12,..,5505,12438
CtG7A.4,2016,People aged 15-24 years who are fully engaged in employment; education or training,15-24 years old,All people,Non-Indigenous people,Major cities,People counted in the Census,,Non-Indigenous people,Major cities,15-24 years old,Number of people,,ABS (unpublished) Census of Population and Housing,no.,653903,565507,359222,225052,147010,..,50747,..,2001444
CtG7A.4,2016,People aged 15-24 years who are fully engaged in employment; education or training,15-24 years old,All people,Non-Indigenous people,Inner regional,People counted in the Census,,Non-Indigenous people,Inner regional,15-24 years old,Number of people,,ABS (unpublished) Census of Population and Housing,no.,131491,113244,92008,20074,21192,37870,71,..,415973
CtG7A.4,2016,People aged 15-24 years who are fully engaged in employment; education or training,15-24 years old,All people,Non-Indigenous people,Outer regional,People counted in the Census,,Non-Indigenous people,Outer regional,15-24 years old,Number of people,,ABS (unpublished) Census of Population and Housing,no.,33345,21643,63844,16185,15059,13061,..,12529,175671
CtG7A.4,2016,People aged 15-24 years who are fully engaged in employment; education or training,15-24 years old,All people,Non-Indigenous people,Remote,People counted in the Census,,Non-Indigenous people,Remote,15-24 years old,Number of people,,ABS (unpublished) Census of Population and Housing,no.,1680,188,5058,5730,3475,436,..,2571,19138
CtG7A.4,2016,People aged 15-24 years who are fully engaged in employment; education or training,15-24 years old,All people,Non-Indigenous people,Very remote,People counted in the Census,,Non-Indigenous people,Very remote,15-24 years old,Number of people,,ABS (unpublished) Census of Population and Housing,no.,209,..,2682,2701,629,129,..,785,7384
CtG7A.4,2016,People aged 15-24 years who are fully engaged in employment; education or training,15-24 years old,All people,Unknown Indigenous status,Major cities,People counted in the Census,,Indigenous status not stated,Major cities,15-24 years old,Number of people,,ABS (unpublished) Census of Population and Housing,no.,4274,3955,2343,1413,1070,..,239,..,13296
CtG7A.4,2016,People aged 15-24 years who are fully engaged in employment; education or training,15-24 years old,All people,Unknown Indigenous status,Inner regional,People counted in the Census,,Indigenous status not stated,Inner regional,15-24 years old,Number of people,,ABS (unpublished) Census of Population and Housing,no.,1629,1374,1006,195,247,348,0,..,4794
CtG7A.4,2016,People aged 15-24 years who are fully engaged in employment; education or training,15-24 years old,All people,Unknown Indigenous status,Outer regional,People counted in the Census,,Indigenous status not stated,Outer regional,15-24 years old,Number of people,,ABS (unpublished) Census of Population and Housing,no.,531,340,714,161,197,190,..,176,2305
CtG7A.4,2016,People aged 15-24 years who are fully engaged in employment; education or training,15-24 years old,All people,Unknown Indigenous status,Remote,People counted in the Census,,Indigenous status not stated,Remote,15-24 years old,Number of people,,ABS (unpublished) Census of Population and Housing,no.,50,3,80,89,54,19,..,58,350
CtG7A.4,2016,People aged 15-24 years who are fully engaged in employment; education or training,15-24 years old,All people,Unknown Indigenous status,Very remote,People counted in the Census,,Indigenous status not stated,Very remote,15-24 years old,Number of people,,ABS (unpublished) Census of Population and Housing,no.,6,..,40,43,17,7,..,27,142
CtG7A.5,2021,People aged 15-24 years who are fully engaged in employment; education or training,15-24 years old,All people,Aboriginal and Torres Strait Islander people,All areas,Young people fully engaged in employment; education or training,,Aboriginal and Torres Strait Islander people,Most disadvantaged,15-24 years old,Proportion of people,,ABS (unpublished) Census of Population and Housing,%,50.2,53.5,46.8,38.5,45.7,56.4,76.9,24.8,44.9
CtG7A.5,2021,People aged 15-24 years who are fully engaged in employment; education or training,15-24 years old,All people,Aboriginal and Torres Strait Islander people,All areas,Young people fully engaged in employment; education or training,,Aboriginal and Torres Strait Islander people,Second most disadvantaged,15-24 years old,Proportion of people,,ABS (unpublished) Census of Population and Housing,%,63,64.5,61.1,56,61.2,68.7,68.8,54.4,61.7
CtG7A.5,2021,People aged 15-24 years who are fully engaged in employment; education or training,15-24 years old,All people,Aboriginal and Torres Strait Islander people,All areas,Young people fully engaged in employment; education or training,,Aboriginal and Torres Strait Islander people,Middle 20%,15-24 years old,Proportion of people,,ABS (unpublished) Census of Population and Housing,%,68.4,70.2,66.6,64.1,67.3,68.1,69.4,60.6,67.3
CtG7A.5,2021,People aged 15-24 years who are fully engaged in employment; education or training,15-24 years old,All people,Aboriginal and Torres Strait Islander people,All areas,Young people fully engaged in employment; education or training,,Aboriginal and Torres Strait Islander people,Second least disadvantaged,15-24 years old,Proportion of people,,ABS (unpublished) Census of Population and Housing,%,73.9,73.5,71.2,70.6,70.7,72.3,73,72.1,72.4
CtG7A.5,2021,People aged 15-24 years who are fully engaged in employment; education or training,15-24 years old,All people,Aboriginal and Torres Strait Islander people,All areas,Young people fully engaged in employment; education or training,,Aboriginal and Torres Strait Islander people,Least disadvantaged,15-24 years old,Proportion of people,,ABS (unpublished) Census of Population and Housing,%,80,79.8,78.7,75.3,75.3,76.6,80.2,76.5,79
CtG7A.5,2021,People aged 15-24 years who are fully engaged in employment; education or training,15-24 years old,All people,Non-Indigenous people,All areas,Young people fully engaged in employment; education or training,,Non-Indigenous people,Most disadvantaged,15-24 years old,Proportion of people,,ABS (unpublished) Census of Population and Housing,%,71.5,73.8,66.9,69.9,68.7,65.1,77,76.6,70.5
CtG7A.5,2021,People aged 15-24 years who are fully engaged in employment; education or training,15-24 years old,All people,Non-Indigenous people,All areas,Young people fully engaged in employment; education or training,,Non-Indigenous people,Second most disadvantaged,15-24 years old,Proportion of people,,ABS (unpublished) Census of Population and Housing,%,76.4,78.2,74.7,75.9,76.5,73.8,78.3,77,76.4
CtG7A.5,2021,People aged 15-24 years who are fully engaged in employment; education or training,15-24 years old,All people,Non-Indigenous people,All areas,Young people fully engaged in employment; education or training,,Non-Indigenous people,Middle 20%,15-24 years old,Proportion of people,,ABS (unpublished) Census of Population and Housing,%,80.1,81.4,78.9,79.4,79.5,78.2,79.7,78.8,80
CtG7A.5,2021,People aged 15-24 years who are fully engaged in employment; education or training,15-24 years old,All people,Non-Indigenous people,All areas,Young people fully engaged in employment; education or training,,Non-Indigenous people,Second least disadvantaged,15-24 years old,Proportion of people,,ABS (unpublished) Census of Population and Housing,%,83.2,84.2,81.7,82.3,83.1,79.5,83.5,81.7,83
CtG7A.5,2021,People aged 15-24 years who are fully engaged in employment; education or training,15-24 years old,All people,Non-Indigenous people,All areas,Young people fully engaged in employment; education or training,,Non-Indigenous people,Least disadvantaged,15-24 years old,Proportion of people,,ABS (unpublished) Census of Population and Housing,%,87.5,87.1,86.3,86.5,85.9,82.7,87.4,84.8,87
CtG7A.5,2021,People aged 15-24 years who are fully engaged in employment; education or training,15-24 years old,All people,Aboriginal and Torres Strait Islander people,All areas,People counted in the Census,,Aboriginal and Torres Strait Islander people,Most disadvantaged,15-24 years old,Number of people,,ABS (unpublished) Census of Population and Housing,no.,17423,3286,17555,5922,3716,2269,26,7364,57577
CtG7A.5,2021,People aged 15-24 years who are fully engaged in employment; education or training,15-24 years old,All people,Aboriginal and Torres Strait Islander people,All areas,People counted in the Census,,Aboriginal and Torres Strait Islander people,Second most disadvantaged,15-24 years old,Number of people,,ABS (unpublished) Census of Population and Housing,no.,11931,2715,9022,3189,1458,1293,157,1081,30844
CtG7A.5,2021,People aged 15-24 years who are fully engaged in employment; education or training,15-24 years old,All people,Aboriginal and Torres Strait Islander people,All areas,People counted in the Census,,Aboriginal and Torres Strait Islander people,Middle 20%,15-24 years old,Number of people,,ABS (unpublished) Census of Population and Housing,no.,8133,2234,6820,2487,1070,819,412,653,22639
CtG7A.5,2021,People aged 15-24 years who are fully engaged in employment; education or training,15-24 years old,All people,Aboriginal and Torres Strait Islander people,All areas,People counted in the Census,,Aboriginal and Torres Strait Islander people,Second least disadvantaged,15-24 years old,Number of people,,ABS (unpublished) Census of Population and Housing,no.,5704,1744,4760,1637,641,448,515,516,15973
CtG7A.5,2021,People aged 15-24 years who are fully engaged in employment; education or training,15-24 years old,All people,Aboriginal and Torres Strait Islander people,All areas,People counted in the Census,,Aboriginal and Torres Strait Islander people,Least disadvantaged,15-24 years old,Number of people,,ABS (unpublished) Census of Population and Housing,no.,4029,1148,2267,953,296,171,541,421,9817
CtG7A.5,2021,People aged 15-24 years who are fully engaged in employment; education or training,15-24 years old,All people,Non-Indigenous people,All areas,People counted in the Census,,Non-Indigenous people,Most disadvantaged,15-24 years old,Number of people,,ABS (unpublished) Census of Population and Housing,no.,166084,108213,94980,33869,42835,14791,578,1806,463192
CtG7A.5,2021,People aged 15-24 years who are fully engaged in employment; education or training,15-24 years old,All people,Non-Indigenous people,All areas,People counted in the Census,,Non-Indigenous people,Second most disadvantaged,15-24 years old,Number of people,,ABS (unpublished) Census of Population and Housing,no.,152706,131301,106116,53915,40477,12410,2952,2980,502956
CtG7A.5,2021,People aged 15-24 years who are fully engaged in employment; education or training,15-24 years old,All people,Non-Indigenous people,All areas,People counted in the Census,,Non-Indigenous people,Middle 20%,15-24 years old,Number of people,,ABS (unpublished) Census of Population and Housing,no.,142189,147476,118734,59809,39608,10645,7785,2933,529326
CtG7A.5,2021,People aged 15-24 years who are fully engaged in employment; education or training,15-24 years old,All people,Non-Indigenous people,All areas,People counted in the Census,,Non-Indigenous people,Second least disadvantaged,15-24 years old,Number of people,,ABS (unpublished) Census of Population and Housing,no.,143090,165266,112040,63602,37038,8873,13643,3687,547240
CtG7A.5,2021,People aged 15-24 years who are fully engaged in employment; education or training,15-24 years old,All people,Non-Indigenous people,All areas,People counted in the Census,,Non-Indigenous people,Least disadvantaged,15-24 years old,Number of people,,ABS (unpublished) Census of Population and Housing,no.,205049,149320,95035,59596,26468,4048,24905,3760,568203
CtG7A.5,2021,People aged 15-24 years who are fully engaged in employment; education or training,15-24 years old,All people,Unknown Indigenous status,All areas,People counted in the Census,,Indigenous status not stated,Most disadvantaged,15-24 years old,Number of people,,ABS (unpublished) Census of Population and Housing,no.,948,592,668,206,331,148,0,36,2930
CtG7A.5,2021,People aged 15-24 years who are fully engaged in employment; education or training,15-24 years old,All people,Unknown Indigenous status,All areas,People counted in the Census,,Indigenous status not stated,Second most disadvantaged,15-24 years old,Number of people,,ABS (unpublished) Census of Population and Housing,no.,694,482,466,195,168,90,3,23,2124
CtG7A.5,2021,People aged 15-24 years who are fully engaged in employment; education or training,15-24 years old,All people,Unknown Indigenous status,All areas,People counted in the Census,,Indigenous status not stated,Middle 20%,15-24 years old,Number of people,,ABS (unpublished) Census of Population and Housing,no.,549,504,443,203,123,71,14,15,1917
CtG7A.5,2021,People aged 15-24 years who are fully engaged in employment; education or training,15-24 years old,All people,Unknown Indigenous status,All areas,People counted in the Census,,Indigenous status not stated,Second least disadvantaged,15-24 years old,Number of people,,ABS (unpublished) Census of Population and Housing,no.,465,489,343,191,122,35,24,23,1704
CtG7A.5,2021,People aged 15-24 years who are fully engaged in employment; education or training,15-24 years old,All people,Unknown Indigenous status,All areas,People counted in the Census,,Indigenous status not stated,Least disadvantaged,15-24 years old,Number of people,,ABS (unpublished) Census of Population and Housing,no.,494,346,206,151,91,10,35,11,1343
CtG7A.5,2016,People aged 15-24 years who are fully engaged in employment; education or training,15-24 years old,All people,Aboriginal and Torres Strait Islander people,All areas,Young people fully engaged in employment; education or training,,Aboriginal and Torres Strait Islander people,Most disadvantaged,15-24 years old,Proportion of people,,ABS (unpublished) Census of Population and Housing,%,51.4,54.5,43.7,39,49.8,53.2,44.4,29.3,45.2
CtG7A.5,2016,People aged 15-24 years who are fully engaged in employment; education or training,15-24 years old,All people,Aboriginal and Torres Strait Islander people,All areas,Young people fully engaged in employment; education or training,,Aboriginal and Torres Strait Islander people,Second most disadvantaged,15-24 years old,Proportion of people,,ABS (unpublished) Census of Population and Housing,%,63.3,64.6,58.1,52.1,61.8,67,64.8,62.4,60.7
CtG7A.5,2016,People aged 15-24 years who are fully engaged in employment; education or training,15-24 years old,All people,Aboriginal and Torres Strait Islander people,All areas,Young people fully engaged in employment; education or training,,Aboriginal and Torres Strait Islander people,Middle 20%,15-24 years old,Proportion of people,,ABS (unpublished) Census of Population and Housing,%,68.7,68.8,66.9,63,66,72.3,69,67.9,67.5
CtG7A.5,2016,People aged 15-24 years who are fully engaged in employment; education or training,15-24 years old,All people,Aboriginal and Torres Strait Islander people,All areas,Young people fully engaged in employment; education or training,,Aboriginal and Torres Strait Islander people,Second least disadvantaged,15-24 years old,Proportion of people,,ABS (unpublished) Census of Population and Housing,%,74.5,73.2,69.3,65.2,71.2,78.5,74.6,74.2,71.6
CtG7A.5,2016,People aged 15-24 years who are fully engaged in employment; education or training,15-24 years old,All people,Aboriginal and Torres Strait Islander people,All areas,Young people fully engaged in employment; education or training,,Aboriginal and Torres Strait Islander people,Least disadvantaged,15-24 years old,Proportion of people,,ABS (unpublished) Census of Population and Housing,%,81.3,81.7,75.6,74.6,77.3,78.2,80.5,78.6,79
CtG7A.5,2016,People aged 15-24 years who are fully engaged in employment; education or training,15-24 years old,All people,Non-Indigenous people,All areas,Young people fully engaged in employment; education or training,,Non-Indigenous people,Most disadvantaged,15-24 years old,Proportion of people,,ABS (unpublished) Census of Population and Housing,%,71.9,72.9,64.6,68,67.7,64.3,75.7,76.9,69.8
CtG7A.5,2016,People aged 15-24 years who are fully engaged in employment; education or training,15-24 years old,All people,Non-Indigenous people,All areas,Young people fully engaged in employment; education or training,,Non-Indigenous people,Second most disadvantaged,15-24 years old,Proportion of people,,ABS (unpublished) Census of Population and Housing,%,78.1,78.9,72.2,73.4,75.7,73.9,77,79.5,76.3
CtG7A.5,2016,People aged 15-24 years who are fully engaged in employment; education or training,15-24 years old,All people,Non-Indigenous people,All areas,Young people fully engaged in employment; education or training,,Non-Indigenous people,Middle 20%,15-24 years old,Proportion of people,,ABS (unpublished) Census of Population and Housing,%,81.5,81.1,76.9,77.2,78.9,78.5,81,78.8,79.6
CtG7A.5,2016,People aged 15-24 years who are fully engaged in employment; education or training,15-24 years old,All people,Non-Indigenous people,All areas,Young people fully engaged in employment; education or training,,Non-Indigenous people,Second least disadvantaged,15-24 years old,Proportion of people,,ABS (unpublished) Census of Population and Housing,%,84.8,84.2,80,80.5,82,82.1,83.5,82.1,82.8
CtG7A.5,2016,People aged 15-24 years who are fully engaged in employment; education or training,15-24 years old,All people,Non-Indigenous people,All areas,Young people fully engaged in employment; education or training,,Non-Indigenous people,Least disadvantaged,15-24 years old,Proportion of people,,ABS (unpublished) Census of Population and Housing,%,88.5,87.4,84.9,85.3,86.2,84.2,87.4,84.2,87
CtG7A.5,2016,People aged 15-24 years who are fully engaged in employment; education or training,15-24 years old,All people,Aboriginal and Torres Strait Islander people,All areas,People counted in the Census,,Aboriginal and Torres Strait Islander people,Most disadvantaged,15-24 years old,Number of people,,ABS (unpublished) Census of Population and Housing,no.,16137,2758,14651,5141,3020,1965,36,6487,50205
CtG7A.5,2016,People aged 15-24 years who are fully engaged in employment; education or training,15-24 years old,All people,Aboriginal and Torres Strait Islander people,All areas,People counted in the Census,,Aboriginal and Torres Strait Islander people,Second most disadvantaged,15-24 years old,Number of people,,ABS (unpublished) Census of Population and Housing,no.,8924,1975,7563,2552,1391,1050,122,760,24343
CtG7A.5,2016,People aged 15-24 years who are fully engaged in employment; education or training,15-24 years old,All people,Aboriginal and Torres Strait Islander people,All areas,People counted in the Census,,Aboriginal and Torres Strait Islander people,Middle 20%,15-24 years old,Number of people,,ABS (unpublished) Census of Population and Housing,no.,5927,1582,5092,2257,761,692,239,851,17400
CtG7A.5,2016,People aged 15-24 years who are fully engaged in employment; education or training,15-24 years old,All people,Aboriginal and Torres Strait Islander people,All areas,People counted in the Census,,Aboriginal and Torres Strait Islander people,Second least disadvantaged,15-24 years old,Number of people,,ABS (unpublished) Census of Population and Housing,no.,4327,1311,3762,1425,513,233,402,543,12520
CtG7A.5,2016,People aged 15-24 years who are fully engaged in employment; education or training,15-24 years old,All people,Aboriginal and Torres Strait Islander people,All areas,People counted in the Census,,Aboriginal and Torres Strait Islander people,Least disadvantaged,15-24 years old,Number of people,,ABS (unpublished) Census of Population and Housing,no.,2742,825,1742,702,273,124,440,295,7143
CtG7A.5,2016,People aged 15-24 years who are fully engaged in employment; education or training,15-24 years old,All people,Non-Indigenous people,All areas,People counted in the Census,,Non-Indigenous people,Most disadvantaged,15-24 years old,Number of people,,ABS (unpublished) Census of Population and Housing,no.,162868,113376,90053,31620,43322,16312,686,1082,459352
CtG7A.5,2016,People aged 15-24 years who are fully engaged in employment; education or training,15-24 years old,All people,Non-Indigenous people,All areas,People counted in the Census,,Non-Indigenous people,Second most disadvantaged,15-24 years old,Number of people,,ABS (unpublished) Census of Population and Housing,no.,163564,131966,106614,47063,43075,12286,2377,2409,509509
CtG7A.5,2016,People aged 15-24 years who are fully engaged in employment; education or training,15-24 years old,All people,Non-Indigenous people,All areas,People counted in the Census,,Non-Indigenous people,Middle 20%,15-24 years old,Number of people,,ABS (unpublished) Census of Population and Housing,no.,144013,140356,113486,60645,38602,11418,6210,3599,518371
CtG7A.5,2016,People aged 15-24 years who are fully engaged in employment; education or training,15-24 years old,All people,Non-Indigenous people,All areas,People counted in the Census,,Non-Indigenous people,Second least disadvantaged,15-24 years old,Number of people,,ABS (unpublished) Census of Population and Housing,no.,146618,159030,115111,66043,36214,6829,12932,4265,547080
CtG7A.5,2016,People aged 15-24 years who are fully engaged in employment; education or training,15-24 years old,All people,Non-Indigenous people,All areas,People counted in the Census,,Non-Indigenous people,Least disadvantaged,15-24 years old,Number of people,,ABS (unpublished) Census of Population and Housing,no.,195030,150283,91146,61689,24512,3972,23556,4095,554282
CtG7A.5,2016,People aged 15-24 years who are fully engaged in employment; education or training,15-24 years old,All people,Unknown Indigenous status,All areas,People counted in the Census,,Indigenous status not stated,Most disadvantaged,15-24 years old,Number of people,,ABS (unpublished) Census of Population and Housing,no.,1833,1316,1039,297,487,227,9,28,5231
CtG7A.5,2016,People aged 15-24 years who are fully engaged in employment; education or training,15-24 years old,All people,Unknown Indigenous status,All areas,People counted in the Census,,Indigenous status not stated,Second most disadvantaged,15-24 years old,Number of people,,ABS (unpublished) Census of Population and Housing,no.,1445,1153,982,376,341,122,14,48,4483
CtG7A.5,2016,People aged 15-24 years who are fully engaged in employment; education or training,15-24 years old,All people,Unknown Indigenous status,All areas,People counted in the Census,,Indigenous status not stated,Middle 20%,15-24 years old,Number of people,,ABS (unpublished) Census of Population and Housing,no.,1094,1172,846,453,310,128,39,61,4103
CtG7A.5,2016,People aged 15-24 years who are fully engaged in employment; education or training,15-24 years old,All people,Unknown Indigenous status,All areas,People counted in the Census,,Indigenous status not stated,Second least disadvantaged,15-24 years old,Number of people,,ABS (unpublished) Census of Population and Housing,no.,953,1043,766,438,240,45,60,66,3601
CtG7A.5,2016,People aged 15-24 years who are fully engaged in employment; education or training,15-24 years old,All people,Unknown Indigenous status,All areas,People counted in the Census,,Indigenous status not stated,Least disadvantaged,15-24 years old,Number of people,,ABS (unpublished) Census of Population and Housing,no.,1117,958,514,329,185,33,96,51,3273
CtG7A.6,2021,People aged 15-24 years who are fully engaged in employment; education or training,15-24 years old,All people,Aboriginal and Torres Strait Islander people,All areas,Young people fully engaged in employment; education or training,,Aboriginal and Torres Strait Islander people,Has need for assistance with core activities,15-24 years old,Proportion of people,,ABS (unpublished) Census of Population and Housing,%,47.2,49.6,42.9,39.7,43.8,39,44.3,31.4,44.8
CtG7A.6,2021,People aged 15-24 years who are fully engaged in employment; education or training,15-24 years old,All people,Aboriginal and Torres Strait Islander people,All areas,Young people fully engaged in employment; education or training,,Aboriginal and Torres Strait Islander people,Does not have need for assistance with core activities,15-24 years old,Proportion of people,,ABS (unpublished) Census of Population and Housing,%,63.1,67,59.2,53.7,56.6,65,76.3,35,59
CtG7A.6,2021,People aged 15-24 years who are fully engaged in employment; education or training,15-24 years old,All people,Aboriginal and Torres Strait Islander people,All areas,Young people fully engaged in employment; education or training,,Aboriginal and Torres Strait Islander people,Need for assistance with core activities not stated,15-24 years old,Proportion of people,,ABS (unpublished) Census of Population and Housing,%,59.5,73.3,49.5,44.7,43.2,59.4,35.7,31.1,50.1
CtG7A.6,2021,People aged 15-24 years who are fully engaged in employment; education or training,15-24 years old,All people,Non-Indigenous people,All areas,Young people fully engaged in employment; education or training,,Non-Indigenous people,Has need for assistance with core activities,15-24 years old,Proportion of people,,ABS (unpublished) Census of Population and Housing,%,49.1,53.8,47.1,49.2,48.6,45,52.9,47,49.8
CtG7A.6,2021,People aged 15-24 years who are fully engaged in employment; education or training,15-24 years old,All people,Non-Indigenous people,All areas,Young people fully engaged in employment; education or training,,Non-Indigenous people,Does not have need for assistance with core activities,15-24 years old,Proportion of people,,ABS (unpublished) Census of Population and Housing,%,81,82.4,79,80.7,79.1,75.2,86.6,81.4,80.8
CtG7A.6,2021,People aged 15-24 years who are fully engaged in employment; education or training,15-24 years old,All people,Non-Indigenous people,All areas,Young people fully engaged in employment; education or training,,Non-Indigenous people,Need for assistance with core activities not stated,15-24 years old,Proportion of people,,ABS (unpublished) Census of Population and Housing,%,78.4,80.5,77.2,80.5,74.6,70.6,85.7,80.4,78.6
CtG7A.6,2021,People aged 15-24 years who are fully engaged in employment; education or training,15-24 years old,All people,Aboriginal and Torres Strait Islander people,All areas,People counted in the Census,,Aboriginal and Torres Strait Islander people,Has need for assistance with core activities,15-24 years old,Number of people,,ABS (unpublished) Census of Population and Housing,no.,3258,909,2501,574,514,333,115,220,8428
CtG7A.6,2021,People aged 15-24 years who are fully engaged in employment; education or training,15-24 years old,All people,Aboriginal and Torres Strait Islander people,All areas,People counted in the Census,,Aboriginal and Torres Strait Islander people,Does not have need for assistance with core activities,15-24 years old,Number of people,,ABS (unpublished) Census of Population and Housing,no.,43906,10232,37812,13650,6614,4668,1628,9835,128368
CtG7A.6,2021,People aged 15-24 years who are fully engaged in employment; education or training,15-24 years old,All people,Aboriginal and Torres Strait Islander people,All areas,People counted in the Census,,Aboriginal and Torres Strait Islander people,Need for assistance with core activities not stated,15-24 years old,Number of people,,ABS (unpublished) Census of Population and Housing,no.,563,116,551,228,139,69,14,283,1960
CtG7A.6,2021,People aged 15-24 years who are fully engaged in employment; education or training,15-24 years old,All people,Non-Indigenous people,All areas,People counted in the Census,,Non-Indigenous people,Has need for assistance with core activities,15-24 years old,Number of people,,ABS (unpublished) Census of Population and Housing,no.,22063,20781,17967,7395,6398,2040,1538,347,78531
CtG7A.6,2021,People aged 15-24 years who are fully engaged in employment; education or training,15-24 years old,All people,Non-Indigenous people,All areas,People counted in the Census,,Non-Indigenous people,Does not have need for assistance with core activities,15-24 years old,Number of people,,ABS (unpublished) Census of Population and Housing,no.,789139,680695,512104,263935,180234,48834,53184,15173,2543585
CtG7A.6,2021,People aged 15-24 years who are fully engaged in employment; education or training,15-24 years old,All people,Non-Indigenous people,All areas,People counted in the Census,,Non-Indigenous people,Need for assistance with core activities not stated,15-24 years old,Number of people,,ABS (unpublished) Census of Population and Housing,no.,5388,4791,3402,1736,1269,401,266,112,17370
CtG7A.6,2021,People aged 15-24 years who are fully engaged in employment; education or training,15-24 years old,All people,Unknown Indigenous status,All areas,People counted in the Census,,Indigenous status not stated,Has need for assistance with core activities,15-24 years old,Number of people,,ABS (unpublished) Census of Population and Housing,no.,151,119,107,28,50,22,7,7,490
CtG7A.6,2021,People aged 15-24 years who are fully engaged in employment; education or training,15-24 years old,All people,Unknown Indigenous status,All areas,People counted in the Census,,Indigenous status not stated,Does not have need for assistance with core activities,15-24 years old,Number of people,,ABS (unpublished) Census of Population and Housing,no.,2862,2137,1902,885,751,306,80,102,9023
CtG7A.6,2021,People aged 15-24 years who are fully engaged in employment; education or training,15-24 years old,All people,Unknown Indigenous status,All areas,People counted in the Census,,Indigenous status not stated,Need for assistance with core activities not stated,15-24 years old,Number of people,,ABS (unpublished) Census of Population and Housing,no.,166,171,131,44,38,29,9,6,598
CtG7A.6,2016,People aged 15-24 years who are fully engaged in employment; education or training,15-24 years old,All people,Aboriginal and Torres Strait Islander people,All areas,Young people fully engaged in employment; education or training,,Aboriginal and Torres Strait Islander people,Has need for assistance with core activities,15-24 years old,Proportion of people,,ABS (unpublished) Census of Population and Housing,%,46.2,48.1,43.4,44.7,50.2,49.1,52.7,41.5,45.6
CtG7A.6,2016,People aged 15-24 years who are fully engaged in employment; education or training,15-24 years old,All people,Aboriginal and Torres Strait Islander people,All areas,Young people fully engaged in employment; education or training,,Aboriginal and Torres Strait Islander people,Does not have need for assistance with core activities,15-24 years old,Proportion of people,,ABS (unpublished) Census of Population and Housing,%,62.7,66.5,55.9,52,58.1,63.2,74.3,40,57.8
CtG7A.6,2016,People aged 15-24 years who are fully engaged in employment; education or training,15-24 years old,All people,Aboriginal and Torres Strait Islander people,All areas,Young people fully engaged in employment; education or training,,Aboriginal and Torres Strait Islander people,Need for assistance with core activities not stated,15-24 years old,Proportion of people,,ABS (unpublished) Census of Population and Housing,%,51.9,64.8,53.6,41.9,56,57.3,56.3,37.9,51
CtG7A.6,2016,People aged 15-24 years who are fully engaged in employment; education or training,15-24 years old,All people,Non-Indigenous people,All areas,Young people fully engaged in employment; education or training,,Non-Indigenous people,Has need for assistance with core activities,15-24 years old,Proportion of people,,ABS (unpublished) Census of Population and Housing,%,50.5,54.7,46.6,49.4,51.2,46.4,58,52,50.7
CtG7A.6,2016,People aged 15-24 years who are fully engaged in employment; education or training,15-24 years old,All people,Non-Indigenous people,All areas,Young people fully engaged in employment; education or training,,Non-Indigenous people,Does not have need for assistance with core activities,15-24 years old,Proportion of people,,ABS (unpublished) Census of Population and Housing,%,82,82.2,76.9,78.9,77.9,74.9,86.7,81.7,80.4
CtG7A.6,2016,People aged 15-24 years who are fully engaged in employment; education or training,15-24 years old,All people,Non-Indigenous people,All areas,Young people fully engaged in employment; education or training,,Non-Indigenous people,Need for assistance with core activities not stated,15-24 years old,Proportion of people,,ABS (unpublished) Census of Population and Housing,%,77.2,77.8,71.2,75.1,74.1,69.1,81.3,81.7,75.7
CtG7A.6,2016,People aged 15-24 years who are fully engaged in employment; education or training,15-24 years old,All people,Aboriginal and Torres Strait Islander people,All areas,People counted in the Census,,Aboriginal and Torres Strait Islander people,Has need for assistance with core activities,15-24 years old,Number of people,,ABS (unpublished) Census of Population and Housing,no.,1944,524,1402,338,273,232,55,164,4938
CtG7A.6,2016,People aged 15-24 years who are fully engaged in employment; education or training,15-24 years old,All people,Aboriginal and Torres Strait Islander people,All areas,People counted in the Census,,Aboriginal and Torres Strait Islander people,Does not have need for assistance with core activities,15-24 years old,Number of people,,ABS (unpublished) Census of Population and Housing,no.,35830,7850,31097,11787,5634,3787,1219,8774,105992
CtG7A.6,2016,People aged 15-24 years who are fully engaged in employment; education or training,15-24 years old,All people,Aboriginal and Torres Strait Islander people,All areas,People counted in the Census,,Aboriginal and Torres Strait Islander people,Need for assistance with core activities not stated,15-24 years old,Number of people,,ABS (unpublished) Census of Population and Housing,no.,797,176,606,265,125,82,16,317,2384
CtG7A.6,2016,People aged 15-24 years who are fully engaged in employment; education or training,15-24 years old,All people,Non-Indigenous people,All areas,People counted in the Census,,Non-Indigenous people,Has need for assistance with core activities,15-24 years old,Number of people,,ABS (unpublished) Census of Population and Housing,no.,17850,15245,12986,5012,4796,1485,1037,254,58674
CtG7A.6,2016,People aged 15-24 years who are fully engaged in employment; education or training,15-24 years old,All people,Non-Indigenous people,All areas,People counted in the Census,,Non-Indigenous people,Does not have need for assistance with core activities,15-24 years old,Number of people,,ABS (unpublished) Census of Population and Housing,no.,795978,679157,505889,262564,180938,49452,49482,15531,2539261
CtG7A.6,2016,People aged 15-24 years who are fully engaged in employment; education or training,15-24 years old,All people,Non-Indigenous people,All areas,People counted in the Census,,Non-Indigenous people,Need for assistance with core activities not stated,15-24 years old,Number of people,,ABS (unpublished) Census of Population and Housing,no.,8125,7063,5038,2617,1937,677,379,202,26029
CtG7A.6,2016,People aged 15-24 years who are fully engaged in employment; education or training,15-24 years old,All people,Unknown Indigenous status,All areas,People counted in the Census,,Indigenous status not stated,Has need for assistance with core activities,15-24 years old,Number of people,,ABS (unpublished) Census of Population and Housing,no.,230,221,179,55,64,33,13,6,797
CtG7A.6,2016,People aged 15-24 years who are fully engaged in employment; education or training,15-24 years old,All people,Unknown Indigenous status,All areas,People counted in the Census,,Indigenous status not stated,Does not have need for assistance with core activities,15-24 years old,Number of people,,ABS (unpublished) Census of Population and Housing,no.,5969,5160,3827,1740,1448,483,219,235,19088
CtG7A.6,2016,People aged 15-24 years who are fully engaged in employment; education or training,15-24 years old,All people,Unknown Indigenous status,All areas,People counted in the Census,,Indigenous status not stated,Need for assistance with core activities not stated,15-24 years old,Number of people,,ABS (unpublished) Census of Population and Housing,no.,301,302,195,113,75,40,14,18,1054
CtG7A.7,2021,People aged 15-24 years who are fully engaged in employment; education or training,15-24 years old,All people,Aboriginal and Torres Strait Islander people,All areas,Young people fully engaged in employment; education or training,,Aboriginal and Torres Strait Islander people,Engaged through full-time study and full-time employment,15-24 years old,Proportion of people,,ABS (unpublished) Census of Population and Housing,%,1.3,1.6,1.1,0.7,1,0.9,3.3,0.7,1.2
CtG7A.7,2021,People aged 15-24 years who are fully engaged in employment; education or training,15-24 years old,All people,Aboriginal and Torres Strait Islander people,All areas,Young people fully engaged in employment; education or training,,Aboriginal and Torres Strait Islander people,Primarily engaged through full-time study,15-24 years old,Proportion of people,,ABS (unpublished) Census of Population and Housing,%,38.1,42.1,36.6,34,37.1,39.4,39.4,22.7,36.4
CtG7A.7,2021,People aged 15-24 years who are fully engaged in employment; education or training,15-24 years old,All people,Aboriginal and Torres Strait Islander people,All areas,Young people fully engaged in employment; education or training,,Aboriginal and Torres Strait Islander people,Primarily engaged through full-time employment,15-24 years old,Proportion of people,,ABS (unpublished) Census of Population and Housing,%,19.5,19.3,18.3,16.8,15.4,20.3,28.3,10.6,18.1
CtG7A.7,2021,People aged 15-24 years who are fully engaged in employment; education or training,15-24 years old,All people,Aboriginal and Torres Strait Islander people,All areas,Young people fully engaged in employment; education or training,,Aboriginal and Torres Strait Islander people,Engaged through part-time study and part-time employment,15-24 years old,Proportion of people,,ABS (unpublished) Census of Population and Housing,%,2.2,2.1,1.6,1.2,1.6,2.2,2.8,0.6,1.8
CtG7A.7,2021,People aged 15-24 years who are fully engaged in employment; education or training,15-24 years old,All people,Non-Indigenous people,All areas,Young people fully engaged in employment; education or training,,Non-Indigenous people,Engaged through full-time study and full-time employment,15-24 years old,Proportion of people,,ABS (unpublished) Census of Population and Housing,%,1.8,1.6,1.8,1.5,1.4,1.4,4.1,2.7,1.7
CtG7A.7,2021,People aged 15-24 years who are fully engaged in employment; education or training,15-24 years old,All people,Non-Indigenous people,All areas,Young people fully engaged in employment; education or training,,Non-Indigenous people,Primarily engaged through full-time study,15-24 years old,Proportion of people,,ABS (unpublished) Census of Population and Housing,%,55.2,58,49.7,51.4,53.2,46.7,54.9,39,54
CtG7A.7,2021,People aged 15-24 years who are fully engaged in employment; education or training,15-24 years old,All people,Non-Indigenous people,All areas,Young people fully engaged in employment; education or training,,Non-Indigenous people,Primarily engaged through full-time employment,15-24 years old,Proportion of people,,ABS (unpublished) Census of Population and Housing,%,19,18.6,23.1,23.4,20.2,22.8,22.9,35.9,20.5
CtG7A.7,2021,People aged 15-24 years who are fully engaged in employment; education or training,15-24 years old,All people,Non-Indigenous people,All areas,Young people fully engaged in employment; education or training,,Non-Indigenous people,Engaged through part-time study and part-time employment,15-24 years old,Proportion of people,,ABS (unpublished) Census of Population and Housing,%,2.9,2.9,2.7,3.2,2.9,2.7,3.4,2.5,2.9
CtG7A.7,2016,People aged 15-24 years who are fully engaged in employment; education or training,15-24 years old,All people,Aboriginal and Torres Strait Islander people,All areas,Young people fully engaged in employment; education or training,,Aboriginal and Torres Strait Islander people,Engaged through full-time study and full-time employment,15-24 years old,Proportion of people,,ABS (unpublished) Census of Population and Housing,%,0.7,0.8,0.6,0.5,0.7,0.5,2.3,0.7,0.7
CtG7A.7,2016,People aged 15-24 years who are fully engaged in employment; education or training,15-24 years old,All people,Aboriginal and Torres Strait Islander people,All areas,Young people fully engaged in employment; education or training,,Aboriginal and Torres Strait Islander people,Primarily engaged through full-time study,15-24 years old,Proportion of people,,ABS (unpublished) Census of Population and Housing,%,40.2,44.7,36.8,35.4,41.8,42.7,40.9,27,38.1
CtG7A.7,2016,People aged 15-24 years who are fully engaged in employment; education or training,15-24 years old,All people,Aboriginal and Torres Strait Islander people,All areas,Young people fully engaged in employment; education or training,,Aboriginal and Torres Strait Islander people,Primarily engaged through full-time employment,15-24 years old,Proportion of people,,ABS (unpublished) Census of Population and Housing,%,18.8,17.9,16.5,14.6,13.5,17.8,28.7,12,16.8
CtG7A.7,2016,People aged 15-24 years who are fully engaged in employment; education or training,15-24 years old,All people,Aboriginal and Torres Strait Islander people,All areas,Young people fully engaged in employment; education or training,,Aboriginal and Torres Strait Islander people,Engaged through part-time study and part-time employment,15-24 years old,Proportion of people,,ABS (unpublished) Census of Population and Housing,%,1.7,1.7,1.2,0.7,1.3,1.3,1.9,0.3,1.3
CtG7A.7,2016,People aged 15-24 years who are fully engaged in employment; education or training,15-24 years old,All people,Non-Indigenous people,All areas,Young people fully engaged in employment; education or training,,Non-Indigenous people,Engaged through full-time study and full-time employment,15-24 years old,Proportion of people,,ABS (unpublished) Census of Population and Housing,%,1.1,0.9,1,0.8,0.7,0.6,3,1.5,1
CtG7A.7,2016,People aged 15-24 years who are fully engaged in employment; education or training,15-24 years old,All people,Non-Indigenous people,All areas,Young people fully engaged in employment; education or training,,Non-Indigenous people,Primarily engaged through full-time study,15-24 years old,Proportion of people,,ABS (unpublished) Census of Population and Housing,%,55.6,59.6,48.2,51.4,55.2,50.1,59,36.9,54.6
CtG7A.7,2016,People aged 15-24 years who are fully engaged in employment; education or training,15-24 years old,All people,Non-Indigenous people,All areas,Young people fully engaged in employment; education or training,,Non-Indigenous people,Primarily engaged through full-time employment,15-24 years old,Proportion of people,,ABS (unpublished) Census of Population and Housing,%,21.6,18.6,24.4,23.2,18.7,21.2,21.4,40.1,21.4
CtG7A.7,2016,People aged 15-24 years who are fully engaged in employment; education or training,15-24 years old,All people,Non-Indigenous people,All areas,Young people fully engaged in employment; education or training,,Non-Indigenous people,Engaged through part-time study and part-time employment,15-24 years old,Proportion of people,,ABS (unpublished) Census of Population and Housing,%,2.6,2.2,2.2,2.5,2.3,1.9,2.3,2.2,2.4
SE7a.1,2021,Youth not engaged in employment; education or training,15-24 years old,All people,Aboriginal and Torres Strait Islander people,All areas,Young people not fully engaged in employment; education or training,Proportion,Aboriginal and Torres Strait Islander people,Has need for assistance with core activities,15-24 years old,,,ABS (unpublished) Census of Population and Housing,%,3.6,4.1,3.5,2.4,4,4,3.6,1.4,3.4
SE7a.1,2021,Youth not engaged in employment; education or training,15-24 years old,All people,Aboriginal and Torres Strait Islander people,All areas,Young people not fully engaged in employment; education or training,Proportion,Aboriginal and Torres Strait Islander people,Does not have need for assistance with core activities,15-24 years old,,,ABS (unpublished) Census of Population and Housing,%,33.9,30,37.8,43.7,39.6,32.3,21.7,61.8,37.9
SE7a.1,2021,Youth not engaged in employment; education or training,15-24 years old,All people,Aboriginal and Torres Strait Islander people,All areas,Young people not fully engaged in employment; education or training,Proportion,Aboriginal and Torres Strait Islander people,Need for assistance with core activities not stated,15-24 years old,,,ABS (unpublished) Census of Population and Housing,%,0.5,0.3,0.7,0.8,1,0.6,0.6,1.9,0.7
SE7a.1,2021,Youth not engaged in employment; education or training,15-24 years old,All people,Aboriginal and Torres Strait Islander people,All areas,Young people not fully engaged in employment; education or training,Proportion,Aboriginal and Torres Strait Islander people,Total not fully engaged,15-24 years old,,,ABS (unpublished) Census of Population and Housing,%,38,34.4,41.9,47,44.6,36.8,25.9,65.2,42
SE7a.1,2021,Youth not engaged in employment; education or training,15-24 years old,All people,Non-Indigenous people,All areas,Young people not fully engaged in employment; education or training,Proportion,Non-Indigenous people,Has need for assistance with core activities,15-24 years old,,,ABS (unpublished) Census of Population and Housing,%,1.4,1.4,1.8,1.4,1.8,2.2,1.3,1.2,1.5
SE7a.1,2021,Youth not engaged in employment; education or training,15-24 years old,All people,Non-Indigenous people,All areas,Young people not fully engaged in employment; education or training,Proportion,Non-Indigenous people,Does not have need for assistance with core activities,15-24 years old,,,ABS (unpublished) Census of Population and Housing,%,18.3,16.9,20.1,18.7,20,23.6,13,18.1,18.5
SE7a.1,2021,Youth not engaged in employment; education or training,15-24 years old,All people,Non-Indigenous people,All areas,Young people not fully engaged in employment; education or training,Proportion,Non-Indigenous people,Need for assistance with core activities not stated,15-24 years old,,,ABS (unpublished) Census of Population and Housing,%,0.1,0.1,0.1,0.1,0.2,0.2,0.1,0.2,0.1
SE7a.1,2021,Youth not engaged in employment; education or training,15-24 years old,All people,Non-Indigenous people,All areas,Young people not fully engaged in employment; education or training,Proportion,Non-Indigenous people,Total not fully engaged,15-24 years old,,,ABS (unpublished) Census of Population and Housing,%,19.8,18.4,22.1,20.2,21.9,26.1,14.3,19.4,20.1
SE7a.1,2021,Youth not engaged in employment; education or training,15-24 years old,All people,Aboriginal and Torres Strait Islander people,All areas,People counted in the Census,,Aboriginal and Torres Strait Islander people,,15-24 years old,,,ABS (unpublished) Census of Population and Housing,no.,47729,11267,40860,14447,7260,5069,1753,10342,138758
SE7a.1,2021,Youth not engaged in employment; education or training,15-24 years old,All people,Non-Indigenous people,All areas,People counted in the Census,,Non-Indigenous people,,15-24 years old,,,ABS (unpublished) Census of Population and Housing,no.,816587,706270,533472,273071,187898,51275,54989,15632,2639491
SE7a.1,2021,Youth not engaged in employment; education or training,15-24 years old,All people,Unknown Indigenous status,All areas,People counted in the Census,,Indigenous status not stated,,15-24 years old,,,ABS (unpublished) Census of Population and Housing,no.,3177,2428,2143,960,839,353,93,113,10113
SE7a.1,2016,Youth not engaged in employment; education or training,15-24 years old,All people,Aboriginal and Torres Strait Islander people,All areas,Young people not fully engaged in employment; education or training,Proportion,Aboriginal and Torres Strait Islander people,Has need for assistance with core activities,15-24 years old,,,ABS (unpublished) Census of Population and Housing,%,2.7,3.1,2.4,1.5,2.2,3,1.9,1.1,2.4
SE7a.1,2016,Youth not engaged in employment; education or training,15-24 years old,All people,Aboriginal and Torres Strait Islander people,All areas,Young people not fully engaged in employment; education or training,Proportion,Aboriginal and Torres Strait Islander people,Does not have need for assistance with core activities,15-24 years old,,,ABS (unpublished) Census of Population and Housing,%,34.6,30.7,41.4,45.7,39.2,33.8,24.2,56.9,39.4
SE7a.1,2016,Youth not engaged in employment; education or training,15-24 years old,All people,Aboriginal and Torres Strait Islander people,All areas,Young people not fully engaged in employment; education or training,Proportion,Aboriginal and Torres Strait Islander people,Need for assistance with core activities not stated,15-24 years old,,,ABS (unpublished) Census of Population and Housing,%,1,0.7,0.9,1.3,0.9,0.7,0.2,2.1,1
SE7a.1,2016,Youth not engaged in employment; education or training,15-24 years old,All people,Aboriginal and Torres Strait Islander people,All areas,Young people not fully engaged in employment; education or training,Proportion,Aboriginal and Torres Strait Islander people,Total not fully engaged,15-24 years old,,,ABS (unpublished) Census of Population and Housing,%,38.3,34.6,44.7,48.5,42.4,37.6,26.8,60,42.8
SE7a.1,2016,Youth not engaged in employment; education or training,15-24 years old,All people,Non-Indigenous people,All areas,Young people not fully engaged in employment; education or training,Proportion,Non-Indigenous people,Has need for assistance with core activities,15-24 years old,,,ABS (unpublished) Census of Population and Housing,%,1.1,1,1.3,0.9,1.3,1.6,0.9,0.8,1.1
SE7a.1,2016,Youth not engaged in employment; education or training,15-24 years old,All people,Non-Indigenous people,All areas,Young people not fully engaged in employment; education or training,Proportion,Non-Indigenous people,Does not have need for assistance with core activities,15-24 years old,,,ABS (unpublished) Census of Population and Housing,%,17.4,17.3,22.3,20.5,21.3,24,12.9,17.8,19
SE7a.1,2016,Youth not engaged in employment; education or training,15-24 years old,All people,Non-Indigenous people,All areas,Young people not fully engaged in employment; education or training,Proportion,Non-Indigenous people,Need for assistance with core activities not stated,15-24 years old,,,ABS (unpublished) Census of Population and Housing,%,0.2,0.2,0.3,0.2,0.3,0.4,0.1,0.2,0.2
SE7a.1,2016,Youth not engaged in employment; education or training,15-24 years old,All people,Non-Indigenous people,All areas,Young people not fully engaged in employment; education or training,Proportion,Non-Indigenous people,Total not fully engaged,15-24 years old,,,ABS (unpublished) Census of Population and Housing,%,18.7,18.5,23.9,21.7,22.8,26,13.9,18.8,20.4
SE7a.1,2016,Youth not engaged in employment; education or training,15-24 years old,All people,Aboriginal and Torres Strait Islander people,All areas,People counted in the Census,,Aboriginal and Torres Strait Islander people,,15-24 years old,,,ABS (unpublished) Census of Population and Housing,no.,38572,8551,33101,12386,6030,4096,1287,9259,113305
SE7a.1,2016,Youth not engaged in employment; education or training,15-24 years old,All people,Non-Indigenous people,All areas,People counted in the Census,,Non-Indigenous people,,15-24 years old,,,ABS (unpublished) Census of Population and Housing,no.,821950,701466,523913,270192,187669,51612,50896,15982,2623965
SE7a.1,2016,Youth not engaged in employment; education or training,15-24 years old,All people,Unknown Indigenous status,All areas,People counted in the Census,,Indigenous status not stated,,15-24 years old,,,ABS (unpublished) Census of Population and Housing,no.,6504,5683,4197,1907,1587,562,243,257,20942
SE7a.2,2021,Youth not engaged in employment; education or training,15-24 years old,All people,Aboriginal and Torres Strait Islander people,All areas,Young people not fully engaged in employment; education or training,Proportion,Aboriginal and Torres Strait Islander people,Has long-term health condition,15-24 years old,,,ABS (unpublished) Census of Population and Housing,%,3.1,3.6,3.1,2.5,3.6,3.4,2.5,2,3
SE7a.2,2021,Youth not engaged in employment; education or training,15-24 years old,All people,Aboriginal and Torres Strait Islander people,All areas,Young people not fully engaged in employment; education or training,Proportion,Aboriginal and Torres Strait Islander people,Does not have long-term health condition,15-24 years old,,,ABS (unpublished) Census of Population and Housing,%,32.9,29.4,37,41.8,38.7,31.5,22.1,61.4,37
SE7a.2,2021,Youth not engaged in employment; education or training,15-24 years old,All people,Aboriginal and Torres Strait Islander people,All areas,Young people not fully engaged in employment; education or training,Proportion,Aboriginal and Torres Strait Islander people,Long-term health condition not stated,15-24 years old,,,ABS (unpublished) Census of Population and Housing,%,2,1.5,1.8,2.6,2.2,1.8,1.1,1.8,1.9
SE7a.2,2021,Youth not engaged in employment; education or training,15-24 years old,All people,Aboriginal and Torres Strait Islander people,All areas,Young people not fully engaged in employment; education or training,Proportion,Aboriginal and Torres Strait Islander people,Total not fully engaged,15-24 years old,,,ABS (unpublished) Census of Population and Housing,%,38,34.4,41.9,47,44.6,36.8,25.9,65.2,42
SE7a.2,2021,Youth not engaged in employment; education or training,15-24 years old,All people,Non-Indigenous people,All areas,Young people not fully engaged in employment; education or training,Proportion,Non-Indigenous people,Has long-term health condition,15-24 years old,,,ABS (unpublished) Census of Population and Housing,%,1.4,1.5,1.9,1.6,1.8,2.3,1.5,1.3,1.6
SE7a.2,2021,Youth not engaged in employment; education or training,15-24 years old,All people,Non-Indigenous people,All areas,Young people not fully engaged in employment; education or training,Proportion,Non-Indigenous people,Does not have long-term health condition,15-24 years old,,,ABS (unpublished) Census of Population and Housing,%,17.7,16.3,19.3,17.8,19.3,22.8,12.5,17.4,17.8
SE7a.2,2021,Youth not engaged in employment; education or training,15-24 years old,All people,Non-Indigenous people,All areas,Young people not fully engaged in employment; education or training,Proportion,Non-Indigenous people,Long-term health condition not stated,15-24 years old,,,ABS (unpublished) Census of Population and Housing,%,0.7,0.6,0.8,0.7,0.8,1.1,0.4,0.7,0.7
SE7a.2,2021,Youth not engaged in employment; education or training,15-24 years old,All people,Non-Indigenous people,All areas,Young people not fully engaged in employment; education or training,Proportion,Non-Indigenous people,Total not fully engaged,15-24 years old,,,ABS (unpublished) Census of Population and Housing,%,19.8,18.4,22.1,20.2,21.9,26.1,14.3,19.4,20.1
SE7a.2,2021,Youth not engaged in employment; education or training,15-24 years old,All people,Aboriginal and Torres Strait Islander people,All areas,People counted in the Census,,Aboriginal and Torres Strait Islander people,,15-24 years old,,,ABS (unpublished) Census of Population and Housing,no.,47729,11267,40860,14447,7260,5069,1753,10342,138758
SE7a.2,2021,Youth not engaged in employment; education or training,15-24 years old,All people,Non-Indigenous people,All areas,People counted in the Census,,Non-Indigenous people,,15-24 years old,,,ABS (unpublished) Census of Population and Housing,no.,816587,706270,533472,273071,187898,51275,54989,15632,2639491
SE7a.2,2021,Youth not engaged in employment; education or training,15-24 years old,All people,Unknown Indigenous status,All areas,People counted in the Census,,Indigenous status not stated,,15-24 years old,,,ABS (unpublished) Census of Population and Housing,no.,3177,2428,2143,960,839,353,93,113,10113
SE7a.2,2016,Youth not engaged in employment; education or training,15-24 years old,All people,Aboriginal and Torres Strait Islander people,All areas,Young people not fully engaged in employment; education or training,Proportion,Aboriginal and Torres Strait Islander people,Has long-term health condition,15-24 years old,,,ABS (unpublished) Census of Population and Housing,%,na,na,na,na,na,na,na,na,na
SE7a.2,2016,Youth not engaged in employment; education or training,15-24 years old,All people,Aboriginal and Torres Strait Islander people,All areas,Young people not fully engaged in employment; education or training,Proportion,Aboriginal and Torres Strait Islander people,Does not have long-term health condition,15-24 years old,,,ABS (unpublished) Census of Population and Housing,%,na,na,na,na,na,na,na,na,na
SE7a.2,2016,Youth not engaged in employment; education or training,15-24 years old,All people,Aboriginal and Torres Strait Islander people,All areas,Young people not fully engaged in employment; education or training,Proportion,Aboriginal and Torres Strait Islander people,Long-term health condition not stated,15-24 years old,,,ABS (unpublished) Census of Population and Housing,%,na,na,na,na,na,na,na,na,na
SE7a.2,2016,Youth not engaged in employment; education or training,15-24 years old,All people,Aboriginal and Torres Strait Islander people,All areas,Young people not fully engaged in employment; education or training,Proportion,Aboriginal and Torres Strait Islander people,Total not fully engaged,15-24 years old,,,ABS (unpublished) Census of Population and Housing,%,38.3,34.6,44.7,48.5,42.4,37.6,26.8,60,42.8
SE7a.2,2016,Youth not engaged in employment; education or training,15-24 years old,All people,Non-Indigenous people,All areas,Young people not fully engaged in employment; education or training,Proportion,Non-Indigenous people,Has long-term health condition,15-24 years old,,,ABS (unpublished) Census of Population and Housing,%,na,na,na,na,na,na,na,na,na
SE7a.2,2016,Youth not engaged in employment; education or training,15-24 years old,All people,Non-Indigenous people,All areas,Young people not fully engaged in employment; education or training,Proportion,Non-Indigenous people,Does not have long-term health condition,15-24 years old,,,ABS (unpublished) Census of Population and Housing,%,na,na,na,na,na,na,na,na,na
SE7a.2,2016,Youth not engaged in employment; education or training,15-24 years old,All people,Non-Indigenous people,All areas,Young people not fully engaged in employment; education or training,Proportion,Non-Indigenous people,Long-term health condition not stated,15-24 years old,,,ABS (unpublished) Census of Population and Housing,%,na,na,na,na,na,na,na,na,na
SE7a.2,2016,Youth not engaged in employment; education or training,15-24 years old,All people,Non-Indigenous people,All areas,Young people not fully engaged in employment; education or training,Proportion,Non-Indigenous people,Total not fully engaged,15-24 years old,,,ABS (unpublished) Census of Population and Housing,%,18.7,18.5,23.9,21.7,22.8,26,13.9,18.8,20.4
SE7a.2,2016,Youth not engaged in employment; education or training,15-24 years old,All people,Aboriginal and Torres Strait Islander people,All areas,People counted in the Census,,Aboriginal and Torres Strait Islander people,,15-24 years old,,,ABS (unpublished) Census of Population and Housing,no.,38572,8551,33101,12386,6030,4096,1287,9259,113305
SE7a.2,2016,Youth not engaged in employment; education or training,15-24 years old,All people,Non-Indigenous people,All areas,People counted in the Census,,Non-Indigenous people,,15-24 years old,,,ABS (unpublished) Census of Population and Housing,no.,821950,701466,523913,270192,187669,51612,50896,15982,2623965
SE7a.2,2016,Youth not engaged in employment; education or training,15-24 years old,All people,Unknown Indigenous status,All areas,People counted in the Census,,Indigenous status not stated,,15-24 years old,,,ABS (unpublished) Census of Population and Housing,no.,6504,5683,4197,1907,1587,562,243,257,20942
SE7a.3,2021,Youth not engaged in employment; education or training,15-24 years old,All people,Aboriginal and Torres Strait Islander people,All areas,Young people not fully engaged in employment; education or training,Proportion,Aboriginal and Torres Strait Islander people,Provided unpaid care and assistance to a child and/or person with disability,,15-24 years old,,ABS (unpublished) Census of Population and Housing,%,9.4,8.5,11.8,15.3,12.8,9.7,6.4,33.8,12.6
SE7a.3,2021,Youth not engaged in employment; education or training,15-24 years old,All people,Aboriginal and Torres Strait Islander people,All areas,Young people not fully engaged in employment; education or training,Proportion,Aboriginal and Torres Strait Islander people,Did not provide unpaid care or assistance,,15-24 years old,,ABS (unpublished) Census of Population and Housing,%,28.2,25.7,29.8,31.2,31.2,26.7,19.1,30.7,29
SE7a.3,2021,Youth not engaged in employment; education or training,15-24 years old,All people,Aboriginal and Torres Strait Islander people,All areas,Young people not fully engaged in employment; education or training,Proportion,Aboriginal and Torres Strait Islander people,Provision of unpaid care or assistance not stated,,15-24 years old,,ABS (unpublished) Census of Population and Housing,%,0.4,0.2,0.4,0.4,0.6,0.3,0.2,0.7,0.4
SE7a.3,2021,Youth not engaged in employment; education or training,15-24 years old,All people,Aboriginal and Torres Strait Islander people,All areas,Young people not fully engaged in employment; education or training,Proportion,Aboriginal and Torres Strait Islander people,Total not fully engaged,,15-24 years old,,ABS (unpublished) Census of Population and Housing,%,38,34.4,41.9,47,44.6,36.8,25.9,65.2,42
SE7a.3,2021,Youth not engaged in employment; education or training,15-24 years old,All people,Non-Indigenous people,All areas,Young people not fully engaged in employment; education or training,Proportion,Non-Indigenous people,Provided unpaid care and assistance to a child and/or person with disability,,15-24 years old,,ABS (unpublished) Census of Population and Housing,%,3.1,2.8,4.1,3.7,3.7,5.2,2.2,3.4,3.3
SE7a.3,2021,Youth not engaged in employment; education or training,15-24 years old,All people,Non-Indigenous people,All areas,Young people not fully engaged in employment; education or training,Proportion,Non-Indigenous people,Did not provide unpaid care or assistance,,15-24 years old,,ABS (unpublished) Census of Population and Housing,%,16.7,15.6,17.9,16.5,18.2,20.8,12.1,16,16.7
SE7a.3,2021,Youth not engaged in employment; education or training,15-24 years old,All people,Non-Indigenous people,All areas,Young people not fully engaged in employment; education or training,Proportion,Non-Indigenous people,Provision of unpaid care or assistance not stated,,15-24 years old,,ABS (unpublished) Census of Population and Housing,%,0.1,0.1,0.1,0.1,0.1,0.1,0,0.1,0.1
SE7a.3,2021,Youth not engaged in employment; education or training,15-24 years old,All people,Non-Indigenous people,All areas,Young people not fully engaged in employment; education or training,Proportion,Non-Indigenous people,Total not fully engaged,,15-24 years old,,ABS (unpublished) Census of Population and Housing,%,19.8,18.4,22.1,20.2,21.9,26.1,14.3,19.4,20.1
SE7a.3,2021,Youth not engaged in employment; education or training,15-24 years old,All people,Aboriginal and Torres Strait Islander people,All areas,People counted in the Census,,Aboriginal and Torres Strait Islander people,,,15-24 years old,,ABS (unpublished) Census of Population and Housing,no.,47729,11267,40860,14447,7260,5069,1753,10342,138758
SE7a.3,2021,Youth not engaged in employment; education or training,15-24 years old,All people,Non-Indigenous people,All areas,People counted in the Census,,Non-Indigenous people,,,15-24 years old,,ABS (unpublished) Census of Population and Housing,no.,816587,706270,533472,273071,187898,51275,54989,15632,2639491
SE7a.3,2021,Youth not engaged in employment; education or training,15-24 years old,All people,Unknown Indigenous status,All areas,People counted in the Census,,Indigenous status not stated,,,15-24 years old,,ABS (unpublished) Census of Population and Housing,no.,3177,2428,2143,960,839,353,93,113,10113
SE7a.3,2016,Youth not engaged in employment; education or training,15-24 years old,All people,Aboriginal and Torres Strait Islander people,All areas,Young people not fully engaged in employment; education or training,Proportion,Aboriginal and Torres Strait Islander people,Provided unpaid care and assistance to a child and/or person with disability,,15-24 years old,,ABS (unpublished) Census of Population and Housing,%,11.6,10.7,15.4,17.4,14.4,12.8,8.8,32.2,15.1
SE7a.3,2016,Youth not engaged in employment; education or training,15-24 years old,All people,Aboriginal and Torres Strait Islander people,All areas,Young people not fully engaged in employment; education or training,Proportion,Aboriginal and Torres Strait Islander people,Did not provide unpaid care or assistance,,15-24 years old,,ABS (unpublished) Census of Population and Housing,%,25.1,22.7,27.6,28.8,26.3,24,17.1,25.2,26
SE7a.3,2016,Youth not engaged in employment; education or training,15-24 years old,All people,Aboriginal and Torres Strait Islander people,All areas,Young people not fully engaged in employment; education or training,Proportion,Aboriginal and Torres Strait Islander people,Provision of unpaid care or assistance not stated,,15-24 years old,,ABS (unpublished) Census of Population and Housing,%,1.6,1.3,1.7,2.2,1.6,1,0.6,2.6,1.7
SE7a.3,2016,Youth not engaged in employment; education or training,15-24 years old,All people,Aboriginal and Torres Strait Islander people,All areas,Young people not fully engaged in employment; education or training,Proportion,Aboriginal and Torres Strait Islander people,Total not fully engaged,,15-24 years old,,ABS (unpublished) Census of Population and Housing,%,38.3,34.6,44.7,48.5,42.4,37.6,26.8,60,42.8
SE7a.3,2016,Youth not engaged in employment; education or training,15-24 years old,All people,Non-Indigenous people,All areas,Young people not fully engaged in employment; education or training,Proportion,Non-Indigenous people,Provided unpaid care and assistance to a child and/or person with disability,,15-24 years old,,ABS (unpublished) Census of Population and Housing,%,4,3.6,5.4,4.7,4.8,6.4,2.7,4.5,4.3
SE7a.3,2016,Youth not engaged in employment; education or training,15-24 years old,All people,Non-Indigenous people,All areas,Young people not fully engaged in employment; education or training,Proportion,Non-Indigenous people,Did not provide unpaid care or assistance,,15-24 years old,,ABS (unpublished) Census of Population and Housing,%,14.3,14.4,18,16.6,17.5,19.1,11.1,13.8,15.6
SE7a.3,2016,Youth not engaged in employment; education or training,15-24 years old,All people,Non-Indigenous people,All areas,Young people not fully engaged in employment; education or training,Proportion,Non-Indigenous people,Provision of unpaid care or assistance not stated,,15-24 years old,,ABS (unpublished) Census of Population and Housing,%,0.4,0.4,0.5,0.4,0.4,0.6,0.2,0.5,0.4
SE7a.3,2016,Youth not engaged in employment; education or training,15-24 years old,All people,Non-Indigenous people,All areas,Young people not fully engaged in employment; education or training,Proportion,Non-Indigenous people,Total not fully engaged,,15-24 years old,,ABS (unpublished) Census of Population and Housing,%,18.7,18.5,23.9,21.7,22.8,26,13.9,18.8,20.4
SE7a.3,2016,Youth not engaged in employment; education or training,15-24 years old,All people,Aboriginal and Torres Strait Islander people,All areas,People counted in the Census,,Aboriginal and Torres Strait Islander people,,,15-24 years old,,ABS (unpublished) Census of Population and Housing,no.,38572,8551,33101,12386,6030,4096,1287,9259,113305
SE7a.3,2016,Youth not engaged in employment; education or training,15-24 years old,All people,Non-Indigenous people,All areas,People counted in the Census,,Non-Indigenous people,,,15-24 years old,,ABS (unpublished) Census of Population and Housing,no.,821950,701466,523913,270192,187669,51612,50896,15982,2623965
SE7a.3,2016,Youth not engaged in employment; education or training,15-24 years old,All people,Unknown Indigenous status,All areas,People counted in the Census,,Indigenous status not stated,,,15-24 years old,,ABS (unpublished) Census of Population and Housing,no.,6504,5683,4197,1907,1587,562,243,257,20942
SE7a.4,2021,Youth not engaged in employment; education or training,15-24 years old,All people,Aboriginal and Torres Strait Islander people,All areas,Young people not fully engaged in employment; education or training,Proportion,Aboriginal and Torres Strait Islander people,Employed; worked part-time,15-24 years old,,,ABS (unpublished) Census of Population and Housing,%,10.9,10.1,11.2,8.5,10.4,11.9,9.2,5.7,10.2
SE7a.4,2021,Youth not engaged in employment; education or training,15-24 years old,All people,Aboriginal and Torres Strait Islander people,All areas,Young people not fully engaged in employment; education or training,Proportion,Aboriginal and Torres Strait Islander people,Unemployed; looking for part-time or full-time work,15-24 years old,,,ABS (unpublished) Census of Population and Housing,%,7,6.7,9,9.6,9.6,8.3,5.1,9.2,8.2
SE7a.4,2021,Youth not engaged in employment; education or training,15-24 years old,All people,Aboriginal and Torres Strait Islander people,All areas,Young people not fully engaged in employment; education or training,Proportion,Aboriginal and Torres Strait Islander people,Not in the labour force,15-24 years old,,,ABS (unpublished) Census of Population and Housing,%,20.1,17.7,21.8,28.8,24.5,16.6,11.5,50.3,23.6
SE7a.4,2021,Youth not engaged in employment; education or training,15-24 years old,All people,Aboriginal and Torres Strait Islander people,All areas,Young people not fully engaged in employment; education or training,Proportion,Aboriginal and Torres Strait Islander people,Total not fully engaged,15-24 years old,,,ABS (unpublished) Census of Population and Housing,%,38,34.4,41.9,47,44.6,36.8,25.9,65.2,42
SE7a.4,2021,Youth not engaged in employment; education or training,15-24 years old,All people,Non-Indigenous people,All areas,Young people not fully engaged in employment; education or training,Proportion,Non-Indigenous people,Employed; worked part-time,15-24 years old,,,ABS (unpublished) Census of Population and Housing,%,8.2,9,11,10.7,11.3,12.4,7.7,10.6,9.6
SE7a.4,2021,Youth not engaged in employment; education or training,15-24 years old,All people,Non-Indigenous people,All areas,Young people not fully engaged in employment; education or training,Proportion,Non-Indigenous people,Unemployed; looking for part-time or full-time work,15-24 years old,,,ABS (unpublished) Census of Population and Housing,%,3,3.1,4.1,3.6,4,5.2,2.5,2.9,3.4
SE7a.4,2021,Youth not engaged in employment; education or training,15-24 years old,All people,Non-Indigenous people,All areas,Young people not fully engaged in employment; education or training,Proportion,Non-Indigenous people,Not in the labour force,15-24 years old,,,ABS (unpublished) Census of Population and Housing,%,8.7,6.3,6.9,5.9,6.6,8.5,4.2,6,7.1
SE7a.4,2021,Youth not engaged in employment; education or training,15-24 years old,All people,Non-Indigenous people,All areas,Young people not fully engaged in employment; education or training,Proportion,Non-Indigenous people,Total not fully engaged,15-24 years old,,,ABS (unpublished) Census of Population and Housing,%,19.8,18.4,22.1,20.2,21.9,26.1,14.3,19.4,20.1
SE7a.4,2021,Youth not engaged in employment; education or training,15-24 years old,All people,Aboriginal and Torres Strait Islander people,All areas,People counted in the Census,,Aboriginal and Torres Strait Islander people,,15-24 years old,,,ABS (unpublished) Census of Population and Housing,no.,47729,11267,40860,14447,7260,5069,1753,10342,138758
SE7a.4,2021,Youth not engaged in employment; education or training,15-24 years old,All people,Non-Indigenous people,All areas,People counted in the Census,,Non-Indigenous people,,15-24 years old,,,ABS (unpublished) Census of Population and Housing,no.,816587,706270,533472,273071,187898,51275,54989,15632,2639491
SE7a.4,2021,Youth not engaged in employment; education or training,15-24 years old,All people,Unknown Indigenous status,All areas,People counted in the Census,,Indigenous status not stated,,15-24 years old,,,ABS (unpublished) Census of Population and Housing,no.,3177,2428,2143,960,839,353,93,113,10113
SE7a.4,2016,Youth not engaged in employment; education or training,15-24 years old,All people,Aboriginal and Torres Strait Islander people,All areas,Young people not fully engaged in employment; education or training,Proportion,Aboriginal and Torres Strait Islander people,Employed; worked part-time,15-24 years old,,,ABS (unpublished) Census of Population and Housing,%,9.5,9,9.9,7.2,9.5,11.1,7.7,4.9,9
SE7a.4,2016,Youth not engaged in employment; education or training,15-24 years old,All people,Aboriginal and Torres Strait Islander people,All areas,Young people not fully engaged in employment; education or training,Proportion,Aboriginal and Torres Strait Islander people,Unemployed; looking for part-time or full-time work,15-24 years old,,,ABS (unpublished) Census of Population and Housing,%,10.2,8.3,12.8,12.3,10.2,9.2,6.7,12.4,11.1
SE7a.4,2016,Youth not engaged in employment; education or training,15-24 years old,All people,Aboriginal and Torres Strait Islander people,All areas,Young people not fully engaged in employment; education or training,Proportion,Aboriginal and Torres Strait Islander people,Not in the labour force,15-24 years old,,,ABS (unpublished) Census of Population and Housing,%,18.7,17.4,22,28.9,22.6,17.3,11.9,42.7,22.7
SE7a.4,2016,Youth not engaged in employment; education or training,15-24 years old,All people,Aboriginal and Torres Strait Islander people,All areas,Young people not fully engaged in employment; education or training,Proportion,Aboriginal and Torres Strait Islander people,Total not fully engaged,15-24 years old,,,ABS (unpublished) Census of Population and Housing,%,38.3,34.6,44.7,48.5,42.4,37.6,26.8,60,42.8
SE7a.4,2016,Youth not engaged in employment; education or training,15-24 years old,All people,Non-Indigenous people,All areas,Young people not fully engaged in employment; education or training,Proportion,Non-Indigenous people,Employed; worked part-time,15-24 years old,,,ABS (unpublished) Census of Population and Housing,%,8,8.3,11.2,9.9,10.8,11.7,7.1,9.4,9.2
SE7a.4,2016,Youth not engaged in employment; education or training,15-24 years old,All people,Non-Indigenous people,All areas,Young people not fully engaged in employment; education or training,Proportion,Non-Indigenous people,Unemployed; looking for part-time or full-time work,15-24 years old,,,ABS (unpublished) Census of Population and Housing,%,4,4,5.9,5.4,5.2,5.6,2.7,3.6,4.6
SE7a.4,2016,Youth not engaged in employment; education or training,15-24 years old,All people,Non-Indigenous people,All areas,Young people not fully engaged in employment; education or training,Proportion,Non-Indigenous people,Not in the labour force,15-24 years old,,,ABS (unpublished) Census of Population and Housing,%,6.7,6.2,6.8,6.4,6.8,8.6,4.2,5.8,6.6
SE7a.4,2016,Youth not engaged in employment; education or training,15-24 years old,All people,Non-Indigenous people,All areas,Young people not fully engaged in employment; education or training,Proportion,Non-Indigenous people,Total not fully engaged,15-24 years old,,,ABS (unpublished) Census of Population and Housing,%,18.7,18.5,23.9,21.7,22.8,26,13.9,18.8,20.4
SE7a.4,2016,Youth not engaged in employment; education or training,15-24 years old,All people,Aboriginal and Torres Strait Islander people,All areas,People counted in the Census,,Aboriginal and Torres Strait Islander people,,15-24 years old,,,ABS (unpublished) Census of Population and Housing,no.,38572,8551,33101,12386,6030,4096,1287,9259,113305
SE7a.4,2016,Youth not engaged in employment; education or training,15-24 years old,All people,Non-Indigenous people,All areas,People counted in the Census,,Non-Indigenous people,,15-24 years old,,,ABS (unpublished) Census of Population and Housing,no.,821950,701466,523913,270192,187669,51612,50896,15982,2623965
SE7a.4,2016,Youth not engaged in employment; education or training,15-24 years old,All people,Unknown Indigenous status,All areas,People counted in the Census,,Indigenous status not stated,,15-24 years old,,,ABS (unpublished) Census of Population and Housing,no.,6504,5683,4197,1907,1587,562,243,257,20942
